NatureCode,Result,
321,11
744,1
321,11
324,1
611,1
743,1
743,1
552,1
321,11
321,11
600,1
445,1
622,1
311,10
511,1
324,1
321,11
321,11
734,1
311,10
321,11
311,10
554,1
321,11
311,10
321,11
600,1
321,11
311,10
743,1
321,11
745,1
611,1
744,1
324,1
740,1
300,10
311,10
321,11
736,1
321,11
911,1
321,11
323,1
600,1
321,11
324,1
311,10
735,1
321,11
611,1
321,11
324,1
735,1
611,1
311,10
321,11
324,1
321,11
311,10
321,11
150,1
321,11
324,1
321,11
321,11
736,1
745,1
321,11
324,1
321,11
324,1
150,1
611,1
611,1
321,11
611,1
622,1
611,1
321,11
151,1
321,11
321,11
311,10
321,11
311,10
710,1
324,1
321,11
322,1
321,11
324,1
321,11
311,10
321,11
321,11
740,1
324,1
321,11
611,1
321,11
321,11
324,1
622,1
321,11
531,1
321,11
700,1
321,11
311,10
324,1
321,11
311,10
311,10
142,1
321,11
745,1
300,10
131,1
321,11
321,11
321,11
324,1
671,1
311,10
321,11
600,1
321,11
321,11
321,11
324,1
324,1
661,1
321,11
324,1
611,1
321,11
622,1
321,11
321,11
321,11
300,10
531,1
611,1
311,10
321,11
300,10
111,1113
311,10
321,11
321,11
324,1
321,11
311,10
311,10
311,10
321,11
321,11
511,1
300,10
321,11
554,1
324,1
651,1
311,10
740,1
510,1
324,1
321,11
321,11
321,11
611,1
321,11
321,11
311,10
600,1
600,1
321,11
324,1
321,11
600,1
131,1
622,1
324,1
412,1
151,1
321,11
611,1
321,11
321,11
321,11
324,1
324,1
251,1
324,1
300,10
300,10
300,10
321,11
611,1
300,10
321,11
321,11
611,1
321,11
600,1
321,11
321,11
622,1
311,10
300,10
311,10
746,1
311,10
321,11
321,11
321,11
300,10
746,1
321,11
324,1
321,11
500,1
611,1
311,10
311,10
671,1
321,11
324,1
611,1
311,10
324,1
321,11
321,11
321,11
324,1
321,11
671,1
311,10
324,1
324,1
324,1
600,1
324,1
324,1
321,11
600,1
324,1
321,11
611,1
321,11
311,10
324,1
251,1
745,1
324,1
600,1
321,11
611,1
300,10
600,1
324,1
311,10
311,10
710,1
311,10
555,1
324,1
251,1
324,1
440,1
321,11
311,10
700,1
321,11
321,11
531,1
321,11
321,11
324,1
321,11
321,11
321,11
324,1
324,1
321,11
321,11
321,11
321,1010
321,11
321,11
321,11
324,1
321,11
321,11
311,10
321,11
321,11
321,11
440,1
321,11
740,1
300,10
321,11
552,1
321,11
911,1
311,10
321,11
321,11
321,11
321,11
321,11
311,10
221,1
552,1
730,1
321,11
311,10
311,10
324,1
111,1113
622,1
321,11
311,10
744,1
743,1
611,1
552,1
300,10
730,1
531,1
324,1
321,11
311,10
510,1
311,10
321,11
311,10
321,11
324,1
321,11
324,1
324,1
321,11
324,1
300,10
311,10
321,11
324,1
611,1
622,1
300,10
321,11
715,1
324,1
311,10
321,11
324,1
300,10
324,1
321,11
321,11
740,1
154,1
324,1
321,11
300,10
321,1010
111,1113
321,11
311,10
311,10
321,11
311,10
321,11
611,1
311,10
730,1
311,10
311,10
743,1
531,1
111,1113
321,11
321,11
735,1
611,1
300,10
324,1
311,10
322,1
321,11
321,1010
600,1
700,1
311,10
733,1
531,1
321,11
324,1
500,1
324,1
311,10
154,1
733,1
324,1
611,1
321,11
321,11
321,11
715,1
324,1
324,1
311,10
324,1
311,10
700,1
324,1
321,11
324,1
324,1
321,11
311,10
353,1
733,1
311,10
411,1
311,10
321,0
321,11
300,10
611,1
321,11
321,11
321,11
321,11
321,11
721,1
700,1
733,1
311,10
311,10
321,11
311,10
511,1
321,11
321,11
321,11
730,1
321,11
321,11
322,1
611,1
321,11
311,10
321,11
311,10
621,1
324,1
311,10
311,10
611,1
324,1
500,1
611,1
611,1
321,11
611,1
324,1
522,1
321,11
600,1
324,1
324,1
321,11
321,11
321,11
735,1
324,1
322,1
324,1
552,1
321,11
321,11
440,1
700,1
311,10
311,10
321,11
412,1
321,11
311,10
324,1
311,10
321,11
324,1
321,11
321,11
700,1
730,1
321,11
321,11
551,1
321,11
324,1
300,10
611,1
611,1
611,1
300,10
324,1
611,1
600,1000
611,1
322,1
510,1
321,11
321,11
321,11
745,1
324,1
311,10
531,1
321,11
311,10
321,11
321,11
321,11
321,11
300,10
324,1
331,1
321,11
322,1
324,1
311,10
311,10
745,1
324,1
321,11
311,10
311,10
311,10
324,1
510,1000
324,1
611,1
611,1
321,11
746,1
611,1
745,1
321,11
321,11
321,11
321,11
611,1
321,11
412,1
461,1
744,1
321,11
321,11
321,11
321,11
321,11
321,11
321,11
321,11
321,11
300,10
733,1
600,1
251,1
311,10
324,1
321,11
324,1
311,10
321,11
321,11
324,1
553,1
324,1
321,11
321,11
321,11
531,1
500,1
324,1
743,1
321,11
311,10
322,1
321,11
321,11
311,10
311,10
550,1
745,1
321,11
324,1
321,11
321,11
324,1
300,10
600,1
111,1113
324,1000
324,1
611,1
746,1
324,1
600,1
324,1
324,1
911,1
321,11
700,1
311,10
311,10
311,10
444,1
321,11
321,11
321,11
321,11
413,1
321,11
131,1
324,1
321,11
611,1
324,1
321,11
735,1
743,1
300,10
511,1
311,10
324,1
321,11
324,1
324,1
321,11
321,11
413,1
321,11
621,1
321,11
321,11
321,11
324,1
321,11
311,10
311,10
324,1
324,1
321,11
561,1
611,1
743,1
740,1
321,11
531,1
324,1
311,10
321,1010
611,1
321,11
611,1
321,11
324,1
324,1
321,11
311,10
321,11
321,11
311,10
321,11
142,1
745,1
321,11
321,11
321,11
321,11
744,1
324,1
321,11
300,10
324,1
740,1
321,11
311,10
321,11
321,11
321,11
321,11
321,11
324,1
311,10
321,11
321,11
311,10
311,10
531,1
321,11
622,1
321,11
311,10
321,11
321,11
321,11
622,1
311,10
321,11
321,11
611,1
321,11
300,10
321,11
324,1
311,10
743,1
321,11
611,1
324,1
321,1010
321,11
510,1
321,11
611,1
611,1
321,11
611,1
300,10
321,11
321,11
321,11
321,11
322,1
600,1
311,10
321,11
324,1
324,1
321,11
611,1
324,1
321,11
611,1
321,11
622,1
300,10
321,11
321,11
311,10
321,11
324,1
730,1
311,10
321,11
321,11
611,1
622,1
321,1010
321,11
322,1
622,1
324,1
321,11
311,10
735,1
710,1
743,1
324,1
311,10
733,1
440,1
743,1
324,1
322,1
251,1
324,1
652,1
324,1
554,1
321,11
321,11
735,1
321,11
324,1
324,1
321,11
321,11
311,10
321,11
321,11
321,11
311,10
324,1
511,1
321,11
311,10
311,10
611,1
324,1
735,1
510,1
321,11
321,11
300,10
321,11
331,1
321,11
324,1
520,1
322,1
321,11
324,1
321,11
321,11
321,11
741,1
321,11
321,11
321,11
324,1
311,10
324,1
324,1
324,1
321,11
321,11
311,10
324,1
321,11
321,11
143,1
311,10
321,11
324,1
321,11
321,11
321,11
321,11
621,1
735,1
745,1
353,1
131,1
311,10
321,11
412,1
321,11
311,10
321,11
611,1
130,1
321,11
324,1
322,1
411,1
300,10
745,1
321,11
743,1
321,1010
740,1
324,1
321,11
311,10
300,10
611,1
321,11
611,1
324,1
251,1
311,10
321,11
743,1
300,10
321,11
311,10
554,1
551,1
321,11
611,1
311,10
324,1
324,1
611,1
321,11
321,11
324,1
321,11
321,11
611,1
321,11
412,1
321,11
324,1
331,1
324,1
600,1
142,1
300,10
324,1
600,1
300,10
743,1
321,11
321,11
600,1
321,11
321,11
611,1
321,11
323,1
324,1
321,11
321,11
611,1
321,11
311,10
324,1
710,1
324,1
300,10
322,1
311,10
321,11
311,10
321,11
324,1
311,10
611,1
553,1
324,1
311,10
321,11
300,10
424,1
322,1
321,11
300,10
311,10
311,10
321,11
611,1
321,11
554,1
324,1
324,1
561,1
324,1
611,1
611,1
611,1
324,1
324,1
600,1
743,1
611,1
746,1
600,1
311,10
324,1
321,11
324,1
324,1
321,11
300,10
622,1
324,1
322,1
311,10
611,1
321,11
324,1
311,10
321,11
743,1
311,10
611,1
251,1
324,1
321,11
622,1
321,11
321,11
745,1
324,1
622,1
324,1
324,1
251,1
700,1
321,11
611,1
321,11
731,1
324,1
324,1000
324,1
324,1
311,10
311,10
611,1
154,1
324,1
321,11
324,1
311,10
331,1
321,11
321,11
311,10
300,10
321,11
321,11
600,1
321,11
311,10
552,1
745,1
321,11
324,1
622,1
324,1
311,10
321,11
300,10
611,1
311,10
321,11
622,1
324,1
311,10
661,1
611,1
324,1
321,11
311,10
321,11
611,1
311,10
324,1
745,1
311,10
551,1
321,11
311,10
321,11
321,1010
321,11
321,11
324,1
611,1
324,1
321,11
324,1
311,10
324,1
324,1
321,1010
700,1
321,11
600,1
321,11
531,1
745,1
550,1
321,11
321,11
321,11
321,11
300,10
321,11
321,11
311,10
321,11
321,11
622,1
324,1
321,11
611,1
551,1
463,1
735,1
321,11
311,10
321,11
311,10
321,11
311,10
311,10
321,11
321,11
321,11
300,10
321,11
324,1
710,1
611,1
622,1
321,11
321,11
311,10
611,1
300,10
300,10
311,10
324,1
311,10
311,10
710,1
322,1
300,10
311,10
311,10
321,11
311,10
311,10
311,10
321,11
300,10
321,11
611,1000
311,10
311,10
321,11
324,1
324,1
321,11
611,1
600,1
321,11
321,11
300,10
734,1
730,1
311,10
321,11
550,1
324,1
611,1
321,11
311,10
324,1
321,11
324,1
324,1
321,11
611,1
522,1
321,11
321,11
324,1
321,11
111,1113
251,1
611,1
321,11
622,1
321,11
321,11
611,1
321,11
321,11
311,10
321,11
714,1
743,1
600,1
321,11
611,1
324,1
300,10
324,1
732,1
353,1
522,1
321,11
321,11
324,1
600,1
324,1
324,1
322,1
500,1
321,11
321,11
321,11
622,1
700,1
412,1
500,1
324,1
321,11
500,1
311,10
324,1
611,1
311,10
324,1
321,11
311,10
321,11
600,1
324,1
311,10
321,11
321,11
321,11
600,1
324,1
321,11
321,11
611,1
324,1
324,1
324,1
311,10
321,11
411,1
321,11
611,1
600,1
812,1
321,11
311,10
311,10
554,1
324,1
321,11
311,10
324,1
324,1
322,1
321,11
321,11
324,1
700,1
324,1
321,11
611,1
324,1
300,10
321,11
622,1
700,1
324,1
321,11
311,10
740,1
321,1010
411,1
554,1
611,1
611,1
321,11
311,10
324,1
321,11
111,1113
611,1
321,1010
118,1
300,10
251,1
324,1
300,10
311,10
311,10
321,11
324,1
321,11
324,1
321,11
321,11
150,1
671,1
321,11
324,1
321,11
611,1
321,11
550,1
321,11
311,10
321,11
622,1
621,1
324,1
321,11
321,11
321,11
321,11
311,10
142,1
700,1
322,1000
600,1
311,10
424,1000
611,1
321,11
600,1
324,1
321,11
324,1
324,1
321,11
321,11
311,10
321,11
311,10
511,1
611,1
311,10
321,11
611,1000
131,1
321,11
321,11
321,11
311,10
324,1
324,1
311,10
321,11
324,1
600,1
324,1
600,1
321,11
324,1
300,10
611,1
611,1
611,1
300,10
324,1
321,11
611,1
531,1
411,1
321,11
311,10
324,1
321,11
311,10
611,1
300,10
311,10
324,1
300,10
324,1
321,11
700,1
321,11
700,1
321,11
321,11
300,10
321,11
322,1
321,11
321,11
111,1113
622,1
321,11
321,11
611,1000
321,11
321,11
300,10
321,11
321,11
324,1
700,1
321,11
300,10
324,1
321,11
321,11
311,10
321,11
131,1
321,11
251,1
321,11
321,11
321,11
622,1
324,1
600,1
445,1
743,1
611,1
321,11
321,11
324,1
321,11
321,1010
321,11
611,1
321,11
321,11
300,10
311,10
321,11
611,1
321,11
500,1
324,1
311,10
324,1
600,1
322,1
131,1
321,11
322,1
324,1
321,11
321,11
324,1
733,1
321,1010
731,1
552,1
324,1
321,11
311,10
622,1
321,11
611,1
321,11
321,11
321,11
311,10
324,1
321,11
331,1
321,11
300,10
611,1
321,11
324,1
321,11
611,1
424,1
311,10
622,1
311,10
511,1
322,1
611,1
324,1
321,11
743,1
311,10
321,11
321,11
740,1
321,11
311,10
321,11
311,10
622,1
321,11
324,1
324,1
331,1
321,11
500,1
311,10
311,10
251,1
522,0
321,11
300,10
321,11
321,11
611,1
321,11
715,1000
321,11
321,11
311,10
321,11
651,1
324,1
710,1
611,1
550,1
311,10
622,1
321,11
622,1
311,10
321,11
324,1
324,1
324,1
500,1
321,11
324,1
321,11
300,10
321,11
324,1
321,1010
321,11
743,1
321,11
324,1
311,10
321,11
740,1
300,10
321,11
900,1
622,1
321,11
300,10
600,1
321,11
321,11
324,1
311,10
321,11
321,11
321,11
300,10
510,1
554,1
324,1
321,11
321,11
311,10
311,10
321,11
324,1
321,11
311,0
321,1010
311,10
321,11
554,1
300,10
321,11
743,1
300,10
311,10
311,10
324,1
600,1
321,11
324,1
311,10
300,10
311,10
611,1
611,1
324,1
735,1
321,11
554,1
321,11
300,10
510,1
138,1
321,11
300,10
321,11
300,10
730,1
741,1
740,1
321,11
611,1
745,1
311,10
611,1
321,11
550,1
321,11
611,1
321,11
311,10
311,10
321,11
321,11
321,11
321,11
311,10
744,1
321,11
611,1
321,11
743,1
321,11
324,1
324,1
300,0
321,11
650,1
321,11
730,1
324,1
730,1
743,1
321,11
324,1
324,1
311,10
324,1
311,10
311,10
300,10
745,1
745,1
321,11
611,1
324,1
324,1
321,11
321,11
324,1
611,1
321,11
324,1
661,1
700,1
554,1
321,11
600,1
730,1
321,11
321,11
321,11
251,1
324,1
440,1
321,11
321,11
321,11
321,11
321,1010
321,11
611,1
520,1
321,11
311,10
622,1
311,10
321,11
321,11
321,11
611,1
321,11
444,1
321,11
321,11
311,10
311,10
321,11
321,1010
321,11
412,1
324,1000
500,1
300,10
321,11
500,1
321,11
554,1
321,11
321,11
324,1
321,11
324,1
700,1
321,11
311,10
324,1
300,10
321,11
251,1
321,11
321,11
745,1
321,0
324,1
324,1
321,11
911,1
321,11
324,1
300,10
311,10
511,1
531,1
324,1
321,11
324,1
324,1
321,11
300,10
713,1
322,1000
311,10
321,11
321,11
324,1
652,1
321,1010
321,11
311,10
321,11
661,1
324,1
324,1
321,11
311,10
300,10
300,10
745,1
400,1
622,1
510,1
322,1
321,11
511,1
300,10
324,1
700,1
611,1
311,10
700,1
321,11
600,1
324,1
554,1
321,11
321,11
321,11
300,10
324,1
321,11
611,1
600,1
321,11
324,1
324,1
322,1
321,11
321,11
311,10
324,1
311,10
311,10
412,1
321,11
324,1
311,10
311,10
324,1
321,11
611,1
740,1
321,11
743,1
324,1
300,10
411,1
321,11
311,10
321,11
311,10
321,11
324,1000
321,11
151,1
740,1
251,1
321,11
611,1
321,11
324,1
552,1
311,10
321,11
311,10
500,1
550,1
321,11
300,10
324,1
300,10
321,11
500,1
324,1
311,10
321,11
300,10
321,11
324,1
311,10
321,11
311,10
412,1
321,11
321,11
324,1
321,11
321,11
600,1
324,1
300,10
324,1
321,11
322,1
311,10
324,1
321,11
324,1
321,11
551,1
500,1
324,1
611,1
324,1
322,1000
324,1
324,1
321,11
700,1
324,1000
622,1
311,10
324,1
321,11
324,1
311,10
321,11
324,1
321,11
321,1010
321,11
321,11
321,11
324,1
311,10
353,1
311,10
440,1
321,11
600,1
321,11
311,10
324,1
321,11
300,10
444,1
745,1
321,11
321,11
300,10
746,1
321,11
321,11
300,10
611,1
611,1
321,11
324,1
321,11
321,11
500,1
522,1
321,11
321,11
321,11
743,1
321,11
321,11
324,1
321,11
311,10
321,11
321,11
311,10
321,11
440,1
311,10
600,1
321,11
321,11
700,1
311,10
136,1
321,11
324,1
311,10
734,1
321,11
511,1
511,1
600,1
911,1
311,10
611,1
324,1
324,1
611,1
445,1
324,1
321,11
744,1
321,11
511,1
321,11
251,1
321,11
445,1
324,1
321,11
300,10
321,11
745,1
311,10
321,11
311,10
150,1
324,1
321,11
321,11
611,1
311,10
324,1
735,1
321,11
741,1
321,11
321,11
700,1
321,11
622,1
600,1
321,11
300,10
324,1
300,10
311,10
321,11
321,11
324,1
300,10
321,11
300,10
311,10
611,1
324,1
311,10
311,10
321,11
300,10
300,10
311,10
321,11
463,1
321,11
611,1
611,1
353,1
611,1
324,1
552,1
321,11
321,11
311,10
743,1
611,1
740,1
714,1
500,1
321,1010
321,11
321,11
321,11
743,1
740,1
311,10
321,11
311,10
735,1
321,11
743,1
311,10
300,10
324,1
551,1
311,10
611,1
321,11
324,1
324,1
322,1
324,1
321,11
321,11
321,11
140,1
321,11
311,10
321,11
611,1
554,1
300,10
743,1
321,11
550,1
300,10
321,11
321,11
311,10
321,11
745,1
300,10
311,10
321,11
324,1
324,1
111,1113
311,10
611,1
321,11
321,1010
321,11
324,1
321,11
321,11
321,11
300,10
300,10
743,1
321,11
413,1
600,1
324,1
740,1
322,1
745,1
611,1
554,1
311,10
300,10
321,11
611,1
511,1
300,10
323,1
300,10
321,11
300,10
324,1
321,11
611,1
300,10
622,1
300,10
321,11
321,11
321,11
740,1
321,11
324,1
611,1
744,1
321,11
321,11
321,11
321,11
611,1
500,1
611,1
554,1
111,1113
321,11
444,1
321,11
251,1
321,11
540,1
500,1
321,11
733,1000
321,11
324,1
324,1
735,1
322,1
600,1
321,11
321,11
321,11
321,11
321,11
671,1
324,1000
622,1
321,11
300,10
611,1
444,1
321,11
321,11
321,11
321,11
746,1
321,11
140,1
510,1000
611,1
721,1
324,1
331,1
300,10
611,1
113,1
321,11
511,1
321,11
600,1
321,11
611,1
311,10
321,1010
611,1
311,10
321,11
321,11
321,11
745,1
324,1
622,1
321,11
743,1000
311,10
324,1
321,11
520,1
311,10
321,11
552,1
324,1
321,11
321,11
321,11
611,1
611,1
611,1
321,11
311,10
745,1
311,10
311,10
300,10
321,11
300,10
324,1
321,11
321,11
324,1
321,11
442,1
311,10
321,11
324,1
611,1
321,11
324,1
321,11
611,1000
321,11
321,11
611,1
321,11
321,11
321,11
735,1
321,11
324,1
321,11
611,1
321,11
321,11
324,1000
300,10
311,10
321,11
611,1
311,10
611,1
611,1
600,1
741,1
324,1
251,1
622,1
324,1
321,11
324,1
321,11
311,10
131,1
412,1
311,10
321,11
321,11
324,1
500,1
321,11
311,10
321,11
321,11
463,1
324,1
311,10
324,1
324,1
322,1
554,1
743,1
324,1
322,1
321,11
321,11
321,11
611,1
622,1
300,10
740,1
710,1
321,11
324,1
321,11
321,11
321,11
611,1
321,11
311,10
444,1
321,11
300,10
622,1
611,1
322,1
321,11
321,11
324,1
745,1
311,10
321,11
324,1
311,10
300,10
324,1
251,1
321,11
321,11
311,10
311,10
522,1
611,1
740,1
552,1000
500,1
321,11
324,1000
321,11
324,1
321,11
324,1000
321,11
412,1
321,11
324,1
324,1
611,1
321,1010
611,1
622,1
554,1
300,10
324,1
611,1
311,10
441,1000
324,1
321,11
520,1
311,10
600,1
311,10
321,11
321,11
735,1
321,11
551,1
300,10
324,1
321,11
622,1
210,1
321,11
321,11
300,10
321,11
321,11
324,1
321,11
743,1
511,1000
321,11
611,1
671,1
300,10
600,1
321,11
324,1
324,1
622,1
321,11
131,1
321,11
300,10
745,1
321,11
300,10
311,0
321,11
740,1000
300,10
322,1
500,1
324,1
321,11
324,1
324,1000
745,1
611,1
300,10
324,1
251,1
321,11
300,10
611,1
321,11
311,10
710,1
321,11
324,1
300,10
321,11
551,1
741,1
733,1
622,1
743,1
611,1
324,1
321,11
700,1
311,10
321,11
552,1
321,11
611,1
311,10
321,11
300,10
321,11
321,11
300,10
735,1
311,10
611,1
321,11
321,11
323,1
300,10
311,10
321,11
321,11
733,1
743,1
311,10
745,1
300,10
735,1
321,11
321,11
611,1
740,1
733,1
311,10
740,1
321,11
300,10
321,11
321,11
611,1
321,11
321,11
321,11
321,11
324,1
324,1
311,10
311,10
511,1
353,1
321,11
611,1
311,10
311,10
732,1
311,10
321,11
322,1
300,10
321,11
324,1
311,10
713,1
311,10
631,1
324,1
324,1
611,1
611,1
911,1
444,1
552,0
554,1
311,10
322,1
661,1
321,11
552,1
611,1
311,10
321,11
311,10
324,1
311,10
321,11
700,1
743,1
611,1
300,10
745,0
321,11
611,1
611,1
321,11
611,1
511,1
323,1
321,11
321,1010
745,1
740,1
554,1
324,1
321,11
321,11
321,11
311,10
321,11
321,11
300,10
611,1
321,11
600,1
440,1
412,1
324,1
554,1
300,10
736,1
743,1
321,11
324,1000
324,1
321,11
311,10
600,1
324,1
321,11
324,1
300,10
311,10
745,1
321,11
311,10
321,11
324,1
324,1
911,1
324,1
321,11
311,10
311,10
321,11
323,1
324,1
321,11
131,1
550,1
321,11
311,10
611,1
733,1
321,11
411,1
311,10
321,11
321,11
321,1010
321,11
611,1
324,1000
321,11
445,1
500,1
321,11
745,1
611,1
324,1
324,1
740,1
321,11
324,1
311,10
700,1
321,11
321,11
424,1
713,1
311,10
321,11
321,11
311,10
321,11
300,10
300,10
311,10
300,10
611,1
324,1
735,1
321,11
321,11
321,11
321,11
600,1
321,11
300,10
321,11
600,1
324,1
321,11
520,1
463,1
740,1
324,1
321,11
311,10
321,1010
323,1
321,11
321,11
324,1
321,11
444,1
743,1
731,1
552,1
324,1
324,1
322,1
321,11
300,10
324,1
311,10
611,1
321,11
300,10
324,1
311,10
321,11
321,11
324,1000
745,1
600,1000
321,11
321,11
321,11
321,11
322,1
311,10
745,1
321,1010
321,11
611,1
321,11
622,1
520,1
622,1
321,11
324,1
611,1
321,11
324,1
321,11
324,1
321,11
551,1
611,1
714,1
424,1
440,1
611,1
321,11
321,11
440,1
324,1
553,1
324,1
321,1010
141,1
300,10
311,10
321,11
321,11
321,11
743,1
311,10
321,11
300,10
324,1
321,11
600,1
321,11
311,10
321,11
321,11
321,11
311,10
321,11
463,1
300,10
600,1
321,11
321,11
321,11
600,1
321,11
311,10
311,10
311,10
622,1
324,1
311,10
324,1
531,1
311,10
311,10
600,1000
321,11
321,11
611,1
324,1
251,1
311,10
321,11
321,11
611,1
321,11
321,11
311,10
321,11
700,1
311,10
300,10
321,11
746,1
611,1
745,1
611,1
300,10
324,1
611,1
321,11
311,10
300,10
321,11
321,11
611,1
311,10
220,1
300,10
321,11
324,1
321,11
321,11
300,10
611,1
622,1
321,11
311,10
321,11
321,11
744,1
440,1000
331,1
311,10
321,11
611,1
300,10
311,10
744,1
611,1
611,1
321,11
321,11
324,1
321,11
611,1
321,11
746,1
531,1
611,1
324,1
324,1
324,1
321,11
321,11
321,11
321,11
622,1
324,1000
611,1
730,1
311,10
321,11
324,1
735,1
311,10
324,1
321,11
324,1
131,1
746,1
744,1000
600,1
650,1
324,1
324,1
424,1
324,1
324,1
321,11
311,10
324,1
331,1
321,11
321,11
324,1
324,1
611,1
321,11
324,1
321,11
321,11
554,1
324,1
746,1
740,1
745,1
622,1
745,1
321,11
324,1
311,10
321,11
321,11
321,11
300,10
311,10
321,11
311,10
321,11
745,1
611,1
324,1
300,10
324,1
321,11
321,11
554,1
321,11
300,10
445,1
300,10
324,1
321,11
735,1
321,11
311,10
321,11
321,11
321,11
321,11
321,11
311,10
311,10
600,1
321,11
321,11
300,10
311,10
321,11
321,11
321,11
113,1
743,1
324,1
321,11
300,10
520,1
311,10
300,10
321,11
311,10
321,11
321,11
321,11
321,11
324,1
463,1
600,1
311,10
300,10
311,10
321,11
321,11
300,10
131,1
552,1
324,1
321,11
251,1
611,1
154,1
321,11
311,10
321,11
322,1
730,1
412,1
324,1
321,11
324,1
550,1
700,1
353,1
611,1
552,1
300,10
321,11
611,1
131,1
321,11
311,10
743,1
324,1
324,1
251,1
321,11
740,1
321,11
745,1
321,11
321,11
321,11
324,1000
300,10
321,11
143,1
611,1
735,1
735,1
552,1
321,1010
324,1
321,11
700,1
311,10
321,11
324,1
300,10
324,1
444,1
324,1
733,1
324,1
311,10
321,11
321,11
311,10
324,1
353,1
321,11
321,11
321,11
300,10
324,1
321,11
300,10
321,11
321,11
324,1
746,1
324,1
324,1
400,1
611,1
611,1
300,10
324,1
321,11
321,11
733,1
311,10
300,10
324,1
311,10
311,10
745,1
711,1
321,11
300,10
321,11
321,1010
300,10
311,10
321,11
321,11
550,1
311,10
600,1
300,10
321,11
321,11
611,1
311,10
321,11
321,11
321,11
321,11
511,1
744,1
321,11
600,1
341,1
321,11
321,11
321,11
311,10
324,1
321,11
321,11
321,11
323,1
745,1
321,11
550,1
321,11
321,11
324,1
600,1
321,11
745,1
324,1
622,1
300,10
500,1
321,11
321,11
321,11
311,10
321,11
611,1
321,11
745,1
311,10
622,1
321,11
321,11
743,1
463,1
611,1
311,10
321,11
321,11
311,10
743,1
324,1
735,1
321,11
324,1
321,11
321,11
743,1
551,1
745,1
321,11
622,1
324,1
743,1
321,11
321,11
300,10
611,1
500,1
321,11
321,11
324,1
311,10
400,1
321,11
321,11
740,1
321,11
321,11
311,10
600,1
600,1
321,11
321,1010
311,10
311,10
311,10
740,1
154,1
311,10
611,1
321,11
611,1
550,1
311,10
300,10
311,10
321,11
321,11
321,11
321,11
611,1
745,1
311,10
321,11
311,10
300,10
743,1
311,10
321,11
745,1
324,1
251,1
611,1
322,1
600,1
300,10
321,11
300,10
321,11
324,1
321,11
321,11
600,1
611,1
324,1
611,1
143,1
321,11
311,10
700,1
311,10
321,11
743,1
321,11
321,11
300,10
300,10
311,10
142,1
730,1
740,1
324,1
740,1
321,11
321,11
321,11
300,10
321,11
324,1
324,1
611,1
324,1
611,1
441,1
323,1
321,11
311,10
321,11
324,1
300,10
321,11
321,11
321,11
311,10
511,1
324,1
300,10
321,11
311,10
321,11
321,11
311,10
311,10
324,1
324,1
321,11
321,11
733,1
611,1
311,10
321,11
711,1
611,1
611,1
743,1
321,11
321,11
321,11
300,10
311,10
321,11
745,1
321,1010
311,10
321,11
730,1
900,0
324,1
324,1
311,10
300,10
321,11
622,1
311,10
321,11
321,11
322,1
321,11
321,11
511,1
321,11
311,10
324,1
311,10
324,1
322,1
321,11
611,1
412,1
142,1
611,1
324,1
611,1
321,11
100,1
321,11
321,11
300,10
311,10
600,1
412,1
321,11
300,10
611,1
324,1
321,11
321,11
321,11
531,1
743,1
300,10
311,10
321,11
600,1
554,1
745,1
561,1
622,1
324,1
321,11
611,1
324,1
321,11
551,1
611,1
321,11
321,11
700,1
522,1
300,10
311,10
324,1
324,1
324,1
321,11
300,10
321,11
554,1
311,10
324,1
413,1
321,11
311,10
311,10
321,11
321,11
321,11
324,1
324,1
611,1
324,1
311,10
745,1
321,11
321,11
311,10
300,10
300,10
311,10
311,10
300,10
151,1000
321,11
300,10
745,1
300,10
324,1
300,10
321,11
321,11
321,11
511,1
554,1
321,11
611,1000
321,11
511,1
322,1
111,1113
700,1
531,1
321,11
311,10
661,1
554,1
324,1
321,11
500,1
324,1
321,11
321,11
321,11
311,10
300,10
321,11
324,1
611,1
311,10
321,11
321,11
321,11
324,1
745,1
611,1
321,11
321,11
151,1
321,11
300,10
300,10
500,1
311,10
611,1
736,1
500,1
311,10
131,1
321,11
321,1010
300,10
221,1
321,11
746,1
324,1
324,1
600,1
324,1
300,10
321,11
740,1
324,1
321,11
324,1
311,10
321,11
321,11
321,11
324,1
311,10
321,11
611,1
321,11
321,11
300,10
321,11
321,11
622,1
321,11
463,1
324,1
324,1
321,11
600,1
321,11
321,11
321,11
321,11
321,11
324,1
321,11
611,1
311,10
324,1
311,10
300,10
622,1
251,1
300,10
311,10
324,1
311,10
321,11
324,1
321,11
321,11
745,1
321,11
600,1
622,1
131,1
551,1
321,11
400,1
300,10
300,10
622,1
321,11
531,1
600,1
311,10
440,1
311,10
740,1
321,11
311,10
324,1
324,1
444,1
324,1
321,11
321,11
321,11
321,11
311,10
321,11
321,11
324,1
600,1
324,1
324,1
611,1
321,11
321,11
622,1
445,1
600,1
321,11
324,1
311,10
324,1
500,1
611,1
321,11
300,10
311,10
321,11
324,1
561,1
321,11
311,10
300,10
324,1
311,10
321,11
300,10
554,1
743,1
321,11
311,10
531,1
311,10
300,10
321,11
321,11
745,1
611,1
324,1
324,1
111,1113
322,1
321,11
321,11
300,10
321,11
552,1
311,10
622,1
324,1
324,1
311,10
730,1
463,1
324,1
300,10
311,10
711,1
221,1
311,10
740,1
311,10
551,1
740,1
321,11
321,11
311,10
745,1
743,1
300,10
311,10
321,11
324,1
311,10
324,1
321,11
321,11
321,11
611,1
611,1
600,1
300,10
321,11
311,10
531,1
300,10
321,11
311,10
730,1
300,10
321,11
324,1
324,1
321,11
611,1
321,11
321,11
300,10
321,11
321,11
321,11
311,10
444,1
321,11
622,1
321,11
321,11
311,10
321,11
744,1
611,1
311,10
113,1
321,11
321,11
321,11
321,11
721,1
324,1
321,11
324,1
311,10
311,10
733,1
324,1
300,10
622,1
324,1
554,1
311,10
600,1
321,11
611,1
611,1
311,10
321,11
311,10
631,1
324,1
311,10
321,11
321,11
321,11
745,1
611,1
324,1
611,1
300,10
321,11
321,11
321,11
553,1
321,11
321,11
300,10
321,11
622,1
550,1
321,11
321,11
740,1
321,11
321,11
321,11
321,11
600,1
311,10
321,11
400,1
321,11
730,1
321,11
311,10
321,11
324,1
551,1
611,1
311,10
300,10
324,1
321,11
321,11
251,1
550,1
736,1
321,11
311,10
300,10
154,1
445,1
321,11
322,1
321,11
321,11
321,11
321,11
511,1
311,10
300,10
321,11
321,11
321,11
300,10
324,1
745,1
321,11
321,11
911,1
321,11
321,11
321,11
745,1
311,10
321,11
324,1
321,11
321,11
321,11
311,10
700,1
300,10
611,1
324,1
321,11
321,11
321,11
745,1
300,10
321,11
324,1
611,1
600,1
700,1
740,1
324,1000
744,1
324,1
321,11
311,10
321,11
600,1000
321,11
321,11
311,10
300,10
321,11
324,1
321,11
322,1
324,1
321,11
321,11
324,1
311,10
321,11
321,11
611,1
324,1
324,1
300,10
300,10
324,1
311,10
735,1
411,1
700,1
322,1
321,11
311,10
611,1000
710,1
611,1
111,1113
300,10
311,10
324,1
321,11
324,1
300,10
321,11
130,1
321,11
311,10
321,11
324,1
321,11
322,1
324,1
411,1
311,10
321,11
322,1
444,1
745,1
324,1
300,10
611,1
321,11
321,11
300,10
324,1000
143,1
735,1
321,11
622,1
321,11
321,11
300,10
740,1
300,10
321,11
611,1
311,10
321,11
321,11
611,1000
743,1
311,10
321,11
321,11
321,11
321,11
300,10
600,1
311,10
611,1
311,10
600,1
324,1
324,1
321,11
611,1000
531,1
324,1
321,11
650,1000
353,1000
321,11
311,10
611,1
140,1
611,1
324,1
324,1
321,1010
321,11
111,1113
311,10
324,1
324,1
611,1
324,1
321,11
911,1
324,1
300,10
500,1
324,1
324,1000
311,10
741,1
321,11
311,10
324,1
321,11
311,10
324,1
324,1
311,10
321,11
740,1
140,1
321,11
324,1
745,1
611,1
300,10
321,11
744,1
324,1
321,11
311,10
743,1000
321,11
321,11
321,11
311,10
321,11
321,11
511,1
311,10
321,11
324,1
444,1
324,1
311,10
740,1
321,11
600,1
324,1
321,11
311,10
321,11
324,1
324,1
324,1
300,10
321,11
311,10
321,11
321,11
300,10
321,11
743,1
321,11
321,11
321,11
311,10
611,1
321,11
324,1
321,11
321,11
300,10
522,1
311,10
113,1
321,11
300,10
611,1
300,10
321,11
321,11
321,11
324,1
743,1
311,10
611,1
321,11
321,11
321,11
411,1
311,10
321,11
311,10
622,1
321,11
300,10
321,11
321,11
300,10
321,11
510,1
311,10
321,11
622,1
311,10
622,1
622,1
321,11
321,1010
300,10
324,1
321,11
311,10
311,10
553,1
311,10
622,1
611,1
300,10
321,11
311,10
321,11
321,11
321,11
311,10
321,11
300,10
511,1
311,10
321,11
300,10
321,11
111,1113
321,1010
321,11
611,1
611,1
311,10
735,1
321,11
321,11
622,1
300,10
321,11
321,11
311,10
300,10
622,1
311,10
300,10
311,10
733,1
300,10
131,1
300,10
322,1
321,11
622,1
321,11
311,10
311,10
321,11
321,11
321,11
321,11
311,10
731,1
324,1
321,11
321,11
611,1
311,10
311,10
300,10
300,10
300,10
311,10
300,10
311,10
311,10
424,1
600,1
311,10
300,10
611,1
321,11
300,10
311,10
611,1
311,10
321,11
321,11
321,11
321,11
554,1
551,1
140,1
324,1
735,1
321,11
324,1
324,1
321,11
411,1
321,11
324,1
321,11
321,11
611,1
611,1
321,11
324,1
324,1
743,1
324,1
321,11
740,1
622,1
622,1
321,11
611,1
611,1
321,11
412,1
324,1
745,1
324,1
300,10
321,11
311,10
321,11
324,1
311,10
550,1
321,11
321,11
324,1
324,1
410,1
311,10
321,11
321,11
745,1
311,10
321,11
321,11
321,11
321,11
131,1
324,1
700,1
745,1
321,11
554,1
324,1
611,1
611,1
321,11
321,11
324,1
741,1
550,1
551,1000
311,10
511,1
321,11
611,1
735,1
321,11
741,1
321,11
311,10
324,1
600,1
324,1000
412,1
324,1
321,11
321,11
412,1
531,1000
353,1
321,11
622,1
321,11
311,10
745,1
552,1
324,1
321,11
611,1
321,11
324,1
311,10
324,1
611,1
300,10
531,1
611,1
321,11
745,1
611,1
321,11
324,1
611,1
321,11
611,1
324,1000
142,1
611,1000
511,1
300,10
300,10
321,11
321,11
611,1
531,1
600,1
311,10
321,11
321,11
324,1
321,11
740,1
321,11
324,1
324,1
321,11
531,1
321,11
321,11
140,1
324,1
321,11
324,1
300,10
600,1
321,11
711,1
311,10
621,1
321,11
743,1
324,1
324,1
324,1
324,1
745,1
321,11
321,11
300,10
321,11
321,1010
311,10
500,1
324,1
324,1
321,11
324,1
622,1
324,1000
321,11
311,10
321,11
311,10
622,1
700,1
324,1
321,11
321,11
130,1
321,11
324,1
324,1
622,1
324,1
321,11
324,1
324,1
324,1
251,1
324,1
324,1
324,1
321,11
611,1
730,1
324,1
324,1
321,11
740,1
321,11
300,10
311,10
531,1
300,10
321,11
600,1
324,1
321,11
324,1
324,1
311,10
600,1
321,11
324,1
311,10
412,1
622,1
321,11
622,1
622,1
311,10
324,1
324,1
324,1
321,1010
324,1
321,11
324,1
300,10
740,1
321,11
321,11
300,10
324,1
321,11
611,1
511,1
321,11
611,1
321,11
321,11
324,1
710,1
311,10
611,1
311,10
511,1
321,11
745,1
324,1
321,1010
321,11
321,11
324,1
321,11
324,1
321,11
611,1
321,11
550,1
311,10
600,1
561,1
611,1
745,1
621,1
300,10
324,1
324,1
324,1000
324,1
311,10
321,1010
321,11
611,1
746,1
321,11
611,1
311,10
321,11
600,1
324,1
600,1
300,10
311,10
322,1
321,11
323,1
321,11
323,1
321,11
321,11
324,1
300,10
600,1
321,11
743,1
321,11
311,10
311,10
652,1
600,1
300,10
321,11
321,11
251,1
321,11
324,1
311,10
321,11
321,11
561,1
251,1
311,10
321,11
311,10
321,11
743,1
321,11
311,10
300,10
321,11
735,1000
611,1
324,1
321,11
324,1
321,11
531,1
322,1
510,1
700,1
321,11
531,1
621,1
321,11
138,1
321,11
611,1
321,11
324,1
733,1
321,11
322,1
412,1
324,1
321,11
622,1
321,11
321,11
321,11
321,11
600,1
700,1
311,10
600,1
321,11
311,10
531,1
714,1
321,11
324,1
322,1
311,10
600,1
321,11
321,11
321,11
324,1
500,1
321,11
611,1
554,1
321,11
311,10
611,1
735,1
321,11
300,10
300,10
311,10
740,1
131,1
321,11
324,1
735,1
311,10
321,11
321,11
321,11
622,1
711,1
611,1
321,11
324,1
321,11
321,11
321,11
322,1
324,1
324,1
551,1
321,11
611,1000
740,1
300,10
324,1
324,1
321,11
550,1
311,10
611,1
311,10
611,1
300,10
311,10
143,1
324,1
743,1
300,10
311,10
744,1
736,1
321,11
743,1
300,10
324,1
321,11
735,1
740,1
300,10
321,11
321,11
311,10
321,11
321,11
324,1
611,1
321,11
311,10
745,1
321,11
321,11
744,1
321,11
321,11
321,11
324,1
322,1
311,10
554,1
324,1
300,10
321,11
736,1
300,10
321,11
324,1
322,1
311,10
324,1
321,11
321,11
311,10
321,11
311,10
321,11
730,1
445,1
321,11
611,1
743,1
321,11
321,11
311,10
321,11
322,1
321,11
324,1
311,10
321,11
321,11
411,1
622,1
911,1
321,11
321,11
321,11
311,10
321,11
324,1
311,10
324,1
324,1
321,11
324,1
611,1
500,1
321,11
321,11
300,10
321,1010
611,1
611,1
552,1
321,1010
300,10
611,1
311,10
324,1
300,10
324,1
733,1
611,1
321,11
300,10
324,1
321,11
311,10
300,10
735,1
600,1
321,11
321,11
321,11
611,1
321,11
321,11
321,11
321,11
611,1
251,1
611,1
321,11
324,1
321,11
300,10
551,1
500,1
324,1
911,1
324,1
324,1
311,10
321,11
331,1
321,11
324,1
311,10
321,11
321,11
300,10
552,1
321,11
600,1
311,10
740,1
745,1
611,1
745,1
322,1
611,1000
311,10
745,1
324,1
300,10
600,1
321,11
611,1
321,11
531,1
321,11
324,1
322,1
143,1000
300,10
324,1
321,11
321,11
321,11
321,11
622,1
321,11
251,1
800,1
300,10
413,1
423,1
321,11
321,11
611,1
622,1
611,1000
321,11
324,1
324,1
321,11
324,1
440,1
324,1
300,10
311,10
321,11
321,11
311,10
700,1
322,1
321,11
324,1
611,1
324,1
324,1
321,11
311,10
324,1
324,1
622,1
321,11
321,11
321,11
321,11
321,11
321,11
311,10
611,1
321,11
321,11
321,11
321,11
311,10
300,10
300,10
743,1
745,1000
311,10
611,1
321,11
321,11
300,10
311,10
321,11
611,1
324,1
300,10
300,10
743,1
321,11
321,11
324,1
321,11
611,1
321,11
321,11
321,11
324,1
251,1
311,10
321,11
740,1
324,1
411,1
311,10
554,1
740,1
611,1000
321,11
324,1
500,1
622,1
321,11
324,1
500,1
510,1
324,1
611,1
322,1
324,1
321,11
311,10
324,1
300,10
300,10
321,11
142,1
622,1
311,0
321,11
321,11
321,11
324,1
324,1000
445,1
531,1
324,1
324,1
311,10
321,11
745,1
300,10
700,1
745,1
500,1
743,1
321,11
622,1000
324,1
324,1
611,1
321,11
311,10
321,11
321,11
131,1
324,1
311,10
311,10
324,1
300,10
551,1
324,1
321,11
324,1
511,1
311,10
740,1
300,10
300,10
321,11
743,1
324,1
321,11
622,1
500,1000
324,1
552,1
324,1
740,1000
321,1010
321,11
321,11
321,11
321,11
321,11
324,1
324,1
300,10
324,1
321,11
321,11
321,11
321,11
300,10
321,11
321,11
324,1
324,1
321,11
736,1
622,1
311,10
321,11
321,11
251,1
622,1
321,11
311,10
600,1
321,11
321,11
622,1
321,11
324,1
324,1
321,11
300,10
321,11
735,1
321,11
321,11
735,1000
321,11
300,10
744,1
555,1
321,11
531,1
321,11
743,1
321,1010
321,11
321,11
744,1
321,11
321,1010
321,11
600,1
311,10
733,1
311,10
321,1010
321,11
552,1
444,1
611,1
551,1
321,11
321,11
321,11
611,1
611,1
744,1
321,11
321,1010
321,11
622,1
311,10
324,1
321,11
300,10
321,11
551,1
300,10
324,1
311,10
321,11
611,1
324,1
522,1
324,1
311,10
324,1
311,10
321,11
321,11
734,1
324,1
321,11
353,1
321,11
324,1
611,1
321,11
300,10
551,1
321,11
324,1
324,1
321,11
321,11
600,1
300,10
621,1
324,1
324,1
611,1
324,1
445,1
622,1
743,1
311,10
300,10
740,1
321,11
324,1
324,1
611,1
551,1
131,1
311,10
324,1
324,1
622,1
324,1
714,1
554,1
324,1
321,11
522,1
745,1
736,1
321,11
321,11
412,1
321,11
300,10
321,11
321,1010
412,1
324,1
413,1
322,1
324,1
322,1
321,11
300,10
600,1
554,1
321,11
611,1
600,1
311,10
321,11
321,11
300,10
311,10
321,11
324,1
300,10
300,10
321,11
321,11
300,10
321,11
445,1
300,10
321,11
321,11
743,1
321,11
324,1
321,11
311,10
321,11
321,11
311,10
311,10
321,11
554,1
743,1
321,11
321,11
736,1
321,11
311,10
321,11
324,1
611,1
300,10
611,1
321,11
353,1
311,10
412,1
324,1
700,1
321,11
324,1
531,1
311,10
324,1
324,1
611,1
321,11
324,1
321,11
322,1
331,1
321,11
324,1
322,1
111,1113
300,10
321,11
311,10
321,11
300,10
324,1
321,11
551,1
321,11
321,11
311,10
743,1
321,11
611,1
321,11
611,1
321,11
321,11
745,1000
321,11
311,10
311,10
311,10
321,11
622,1
622,1
600,1
321,11
311,10
321,11
740,1
321,11
321,11
611,1
300,10
321,11
554,1
321,11
321,11
300,10
321,11
321,11
321,11
300,10
322,1
324,1
714,1
321,11
551,1
324,1
311,10
324,1
311,10
611,1
500,1
324,1
300,10
321,11
300,10
745,1
440,1
321,11
311,10
251,1
611,1
321,11
321,11
311,10
211,1
622,1
740,1
321,11
321,11
321,11
131,1
321,11
311,10
611,1
324,1
321,11
321,11
321,11
321,11
311,10
324,1
324,1
611,1
554,1
300,10
300,10
311,10
321,11
321,11
324,1
611,1
715,1
311,10
324,1
444,1
400,1
700,1
311,10
324,1
321,11
611,1
321,11
311,10
321,11
321,11
324,1
111,1113
321,11
321,11
300,10
600,1
321,11
321,11
324,1
321,11
730,1
611,1
324,1
321,11
324,1
321,11
321,11
300,10
321,11
324,1
300,10
324,1
710,1
311,10
321,11
733,1
460,1
324,1
321,11
324,1
324,1
321,11
300,10
321,11
321,11
324,1
324,1
321,11
321,11
321,11
551,1
311,10
300,10
311,10
321,11
324,1
311,10
311,10
600,1
510,1
311,10
600,1
622,1
321,11
324,1
324,1000
321,11
321,11
745,1
321,11
324,1
321,11
311,10
321,11
321,11
311,10
357,1
321,11
321,11
700,1
321,11
321,11
622,1
321,11
311,10
321,11
321,11
300,10
743,1
321,11
321,11
321,11
511,1
321,11
600,1
143,1
321,11
552,1
331,1
611,1
600,1
321,11
550,1
622,1
321,1010
321,11
323,1
700,1
321,11
554,1
500,1
445,1
321,11
321,11
311,10
311,10
740,1
611,1
321,11
730,1
321,11
321,11
311,10
321,11
353,1
324,1
300,10
311,10
311,10
510,1
324,1
740,1
311,10
311,10
324,1
300,10
324,1
600,1
321,11
311,10
740,1
321,11
100,1
611,1
740,1
321,11
300,10
611,1
322,1
611,1
311,10
311,10
300,10
321,11
321,11
321,11
323,1
711,1
552,1
321,11
324,1
321,11
321,11
321,11
321,11
321,11
324,1
311,10
554,1
324,1
311,10
311,10
554,1
321,11
321,11
321,11
611,1
311,10
321,11
321,11
611,1
611,1
735,1
324,1
324,1
321,11
324,1
321,11
324,1
735,1
321,11
321,11
424,1
311,10
321,11
321,11
117,1
324,1
324,1
324,1
311,10
322,1
554,1
324,1
710,1
611,1
321,11
324,1
321,11
311,10
611,1
321,11
321,11
300,10
321,11
522,1
600,1
300,10
442,1
311,10
321,11
622,1
321,11
322,1
730,1
321,11
311,10
331,1
324,1
311,10
510,1
321,11
321,11
324,1
321,11
311,10
463,1
311,10
324,1
733,1
321,11
611,1
251,1
745,1
321,11
311,10
300,10
300,10
735,1
745,1
611,1
321,11
321,11
321,11
611,1000
311,10
321,11
745,1
321,11
440,1
700,1
745,1
611,1
321,11
552,1
735,1
324,1
511,1
324,1
300,10
324,1
736,1
324,1
321,11
142,1
611,1
324,1
322,1
554,1
321,11
311,10
311,10
321,11
324,1
311,10
321,11
321,1010
322,1
311,10
300,10
311,10
311,10
611,1
324,1
622,1
321,11
311,10
311,10
611,1
321,11
321,11
321,11
611,1
324,1
611,1
622,1
621,1
321,11
324,1
321,11
321,11
311,10
350,1
321,11
311,10
440,1
611,1
321,11
321,11
321,11
710,1
311,10
541,1
311,10
321,11
324,1
600,1
324,1
321,11
600,1
321,11
611,1
321,11
321,11
324,1
311,10
142,1
142,1
324,1
300,10
311,0
730,1
743,1
321,11
740,1
324,1
553,1
600,1
324,1
600,1
324,1
321,11
611,1
311,10
411,1
622,1
622,1
321,11
311,10
700,1
321,11
321,11
324,1
321,11
745,1
730,1
531,1
321,11
324,1000
311,10
611,1
321,11
611,1
321,11
321,11
322,1
736,1
321,11
611,1
321,11
324,1
622,1
554,1
500,1
611,1
611,1
321,11
321,11
321,11
611,1
324,1
311,10
621,1
321,11
321,11
324,1
324,1
321,11
300,10
311,10
321,11
735,1
311,10
324,1
561,1
321,11
321,11
600,1
321,11
300,10
746,1
700,1
321,11
321,11
300,10
510,1
321,11
321,11
321,11
311,10
600,1
552,1
321,11
324,1
324,1
311,10
300,10
600,1
311,10
600,1
445,1
321,11
736,1
321,11
600,1
321,11
611,1
671,1
321,11
321,11
324,1
321,11
311,10
324,1
911,1
321,11
552,1
553,1
321,11
321,11
321,11
321,11
900,1
321,11
611,1
700,1
321,11
143,1
300,10
745,1
321,11
622,1
321,11
321,11
311,10
321,11
550,1
311,10
311,10
311,10
311,10
311,10
311,10
611,1
743,1
321,11
321,11
321,11
710,1
321,11
324,1
600,1
611,1
321,11
611,1
321,11
321,11
311,10
611,1
300,10
611,1
743,1
321,11
300,10
321,11
300,10
730,1
745,1
600,1
611,1
321,11
321,11
740,1
611,1
321,11
321,11
735,1
300,10
321,11
311,10
311,10
311,10
311,10
321,11
743,1
611,1
311,10
622,1
321,11
321,11
311,10
321,11
321,11
321,11
745,1
311,10
321,11
321,11
311,10
321,11
321,11
321,11
321,11
321,11
321,11
321,1010
324,1
710,1
511,1
311,10
531,1
743,1
721,1
622,1
321,11
311,10
321,11
321,11
321,11
321,11
300,10
300,10
311,10
321,11
311,10
321,11
321,11
442,1
600,1
745,1
311,10
735,1
321,11
300,10
321,11
700,1
743,1
500,1
321,11
321,11
321,11
321,11
731,1
300,10
311,10
300,10
500,1
500,1
321,11
321,11
511,1
321,11
700,1
611,1
311,10
324,1
311,10
324,1
143,1
611,1
321,11
611,1
324,1
700,1
321,11
710,1
311,10
321,11
321,11
321,11
311,10
321,11
552,1
321,11
321,11
321,11
321,11
311,10
324,1
321,11
321,11
321,11
721,1
411,1
311,10
554,1
251,1
321,11
321,11
300,10
324,1
324,1
300,10
324,1
321,11
611,1000
321,11
600,1
324,1
321,11
324,1
311,10
321,11
311,10
321,11
900,1
911,1
321,11
300,10
321,11
324,1
321,11
321,11
311,10
321,11
611,1
743,1
732,1
324,1
321,11
311,10
321,11
154,1
324,1
321,11
311,10
321,11
311,10
611,1
324,1
321,11
321,11
311,0
321,11
611,1
424,1
321,11
321,11
321,11
311,10
321,11
311,10
600,1
321,11
311,10
551,1
321,11
324,1
611,1
321,11
735,1
445,1
251,1
321,11
331,1
551,1
324,1
324,1
300,10
300,10
311,10
321,11
611,1
321,11
311,10
554,1
600,1000
745,1
321,11
554,1
321,11
321,11
324,1
324,1
300,10
700,1
622,1
311,10
311,10
321,11
323,1
321,11
321,11
324,1
531,1
300,10
311,10
321,11
321,11
321,11
321,11
300,10
622,1
600,1
321,11
321,11
321,11
321,11
311,10
622,1
321,11
321,11
300,10
600,1
300,10
311,10
321,11
321,11
611,1
321,11
300,10
300,10
311,10
300,10
321,11
743,1
554,1
622,1000
321,11
321,11
500,1
551,1
321,11
321,0
321,11
321,11
321,11
324,1
311,10
743,1
311,10
311,10
311,10
745,1
321,11
743,1
321,11
311,10
561,1
324,1
911,1000
321,11
321,11
321,11
311,10
321,11
321,11
300,10
324,1
600,1
300,10
611,1
611,1
311,10
611,1
311,10
311,10
321,11
350,1
321,11
324,1
311,10
324,1
622,1
611,1
311,10
321,11
321,11
622,1
324,1
300,10
730,1
324,1
324,1
321,11
321,11
713,1
111,1113
321,11
321,11
311,10
311,10
324,1
321,11
622,1
131,1
611,1
743,1
151,1
311,10
442,1
511,1
321,11
321,11
733,1
740,1
324,1
321,11
745,1
321,11
740,1
733,1
321,11
300,10
321,11
300,10
600,1
321,11
735,1
600,1
321,11
611,1
735,1
321,11
311,10
733,1
324,1
735,1
300,10
600,1
300,10
730,1
321,11
321,11
300,10
552,1
322,1
911,1
321,11
735,1
321,11
324,1
321,11
321,11
611,1
321,11
733,1
300,10
554,1
311,10
321,11
300,10
412,1
324,1
311,10
321,11
715,1
745,1
736,1
321,11
715,1
300,10
321,11
611,1000
353,1
321,11
311,10
611,1
300,10
311,10
733,1
321,11
740,1
321,11
321,11
311,10
611,1
321,11
311,10
321,11
611,1
324,1
100,1
324,1
321,11
321,11
321,11
324,1
321,11
321,11
321,11
321,11
321,11
311,10
600,1
551,1
300,10
162,1
324,1
321,11
600,1
251,1
745,1
321,11
321,11
321,11
321,11
321,11
321,11
321,11
321,1010
324,1
140,1
321,11
324,1
710,1
324,1
321,11
611,1
740,1
745,1
321,11
311,10
321,11
412,1
324,1
322,1
300,10
321,11
300,10
321,11
321,11
300,10
511,1
324,1
746,1
324,1
321,11
622,1
324,1
100,1
611,1
324,1
311,10
324,1
311,10
321,11
324,1
321,11
321,11
151,1
321,11
311,10
611,1000
321,11
324,1
322,1
324,1
600,1
324,1
321,11
311,10
324,1
321,11
324,1
321,11
321,11
324,1
321,11
700,1
611,1
551,1
324,1
400,1
131,1
324,1000
611,1
311,10
311,10
324,1
321,11
500,1
445,1
321,11
322,1
311,10
324,1
321,11
554,1
311,10
324,1
321,11
321,11
300,10
311,10
321,11
311,10
321,11
321,11
324,1
324,1
311,10
321,11
321,11
321,11
311,10
321,11
311,10
321,11
721,1
322,1
321,11
321,11
324,1
324,1
321,11
321,11
324,1
324,1
321,11
600,1
324,1
324,1
321,11
324,1
321,11
611,1
700,1
321,11
321,11
324,1
311,10
300,10
311,10
324,1
321,11
321,11
321,11
671,1
321,11
554,1
321,11
324,1
321,11
322,1
324,1
311,10
511,1
561,1
321,11
321,11
300,10
324,1
324,1
324,1
311,10
324,1
324,1
311,10
324,1
311,10
311,10
300,10
321,11
511,1
324,1
321,11
324,1
324,1
321,11
311,10
731,1
611,1
324,1
321,11
323,1
321,11
321,11
745,1
324,1
150,1
321,11
321,11
321,11
611,1
324,1
324,1
321,11
745,1
511,1
611,1
321,11
321,11
550,1
321,11
600,1
321,11
611,1
321,11
311,10
131,1
321,11
311,10
321,11
321,11
321,11
321,11
321,11
321,11
321,11
321,11
321,11
733,1
600,1
321,11
323,1
324,1
322,1
730,1
321,11
311,10
321,11
321,11
311,10
311,10
322,1
323,1
561,1
321,1010
321,11
321,11
321,11
324,1
600,1
300,10
321,11
511,1
321,11
321,11
311,10
311,10
321,11
324,1
321,11
445,1
611,1
324,1
300,10
445,1
324,1
741,1
321,11
324,1
324,1
622,1
311,10
324,1
251,1
321,11
311,10
531,1
311,10
321,11
160,1
321,11
321,11
641,1
321,11
400,1
611,1
463,1
650,1
600,1
321,11
321,11
311,10
100,1
311,10
311,10
322,1
611,1
322,1000
520,1
321,11
321,11
300,10
311,10
311,10
321,11
321,11
611,1
321,11
324,1
321,11
324,1
300,10
311,10
251,1
622,1
321,11
522,1
600,1
324,1
311,10
412,1
321,11
321,11
500,1
324,1
611,1
300,10
300,10
142,1
611,1
321,11
445,1
321,11
311,10
600,1
321,11
321,11
324,1
741,1
324,1
321,11
324,1
300,10
324,1
500,1
600,1
323,1
600,1
743,1
324,1
311,10
321,11
322,1
321,11
321,11
324,1
131,1
324,1
311,10
311,10
311,10
500,1
321,11
321,11
311,10
321,11
300,10
321,11
740,1
321,11
611,1
741,1
324,1
321,11
131,1
324,1
321,11
300,10
321,11
324,1
510,1
324,1
300,10
321,11
311,10
324,1
324,1
321,11
321,11
321,11
324,1
324,1
321,11
321,11
324,1
324,1
321,11
324,1
511,1
321,11
300,10
321,11
324,1
321,11
311,10
300,10
251,0
321,11
622,1
324,1
621,1
300,10
321,11
311,10
321,11
611,1
311,10
321,11
324,1
321,11
611,1
311,10
321,11
324,1
412,1
324,1
321,11
322,1
322,1
611,1
321,11
300,10
324,1
324,1
600,1
444,1
713,1
321,11
323,1
300,10
321,0
611,1000
510,1
700,1
321,11
600,1
321,11
324,1
321,11
311,10
324,1
111,1113
321,11
321,11
324,1
622,1
321,11
300,10
321,11
324,1
321,11
622,1
321,11
600,1
553,1
745,1
745,1
700,1
321,11
611,1
324,1
331,1
311,10
311,10
611,1
311,10
551,1
321,11
500,1
321,11
444,1
600,1
600,1
500,1
311,10
611,1
321,11
300,10
321,11
321,11
321,11
324,1
324,1
311,10
321,11
321,11
251,1
622,1
311,10
324,1
321,11
251,1
324,1
321,11
321,11
311,10
311,10
745,1
321,11
321,11
321,11
324,1
611,1
151,1
311,10
321,11
324,1
324,1
324,1
311,10
300,10
311,10
321,11
324,1
321,11
321,11
551,1
311,10
311,10
321,11
744,1
311,10
321,11
324,1
611,1
324,1
321,11
324,1000
321,11
324,1
321,11
324,1
321,11
311,10
600,1
321,11
600,1
251,1
611,1
611,1
321,11
300,10
321,11
321,11
745,1
300,10
322,1
740,1
321,11
322,1
142,1
311,10
321,11
321,11
321,11
743,1
746,1
500,1
321,11
142,1
321,11
321,11
324,1
324,1
321,11
441,1
510,1
321,11
321,11
322,1
324,1
321,11
321,11
324,1
321,11
321,11
321,11
143,1
300,10
321,11
740,1
324,1
700,1
300,10
324,1
710,1
311,10
324,1
321,11
412,1
321,11
331,1
611,1000
300,10
531,1
745,1
324,1
311,10
611,1
561,1
552,1
324,1
531,1
311,10
324,1
324,1000
111,1113
321,11
622,1
321,11
744,1
321,11
531,1
611,1
700,1
600,1
300,10
321,11
321,11
321,11
321,11
735,1
321,11
321,11
321,11
611,1
324,1
324,1
321,11
324,1
311,10
550,1
745,1
700,1
321,11
611,1
321,11
600,1
321,11
311,10
324,1
321,11
321,11
322,1
622,1
321,11
321,11
321,11
400,1
321,11
321,11
321,11
321,11
111,1113
321,11
551,1
131,1
311,10
321,11
311,10
321,1010
311,10
321,11
611,1
311,10
321,11
321,11
622,1
324,1
324,1
733,1
321,11
321,11
321,1010
321,11
300,10
622,1
321,11
300,10
300,10
510,1
353,1
300,10
321,11
300,10
622,1
300,10
551,1
611,1
500,1
735,1
311,10
321,11
324,1
311,10
111,1113
735,1
321,11
622,1
321,11
321,11
733,1
311,10
321,11
151,1
323,1
611,1
736,1
321,11
324,1
321,11
160,1
300,10
311,10
736,1
611,1
321,1010
311,10
311,10
730,1
740,1
611,1
611,1
324,1
735,1
531,1
411,1
321,11
300,0
311,10
324,1
321,11
611,1
324,1
321,11
321,11
611,1
321,11
323,1
324,1
622,1
311,10
324,1
324,1
554,1
324,1
552,1
321,11
311,10
511,1
324,1
324,1
324,1
500,1
112,1113
321,11
411,1
324,1
324,1
735,1
622,1
324,1
324,1
300,10
324,1
324,1
321,11
322,1
321,11
300,10
300,10
300,10
321,11
321,11
251,1
740,1
321,11
300,10
311,10
251,1
740,1
550,1
300,10
321,11
322,1
321,11
132,1
671,1
511,1
321,11
311,10
131,1
311,10
142,1
311,10
611,1
321,11
321,11
300,10
321,11
321,11
321,11
323,1
611,1
311,10
324,1
321,11
611,1
311,10
321,11
321,11
311,10
321,11
321,11
411,1
321,1010
141,1
611,1000
321,11
321,11
321,11
311,10
300,10
321,11
611,1
600,1
300,10
321,11
324,1
463,1
321,11
611,1
321,1010
553,1
311,10
311,10
131,1
511,1
554,1
321,11
611,1
324,1
324,1
714,1
321,11
700,1
321,11
321,11
321,11
321,11
621,1
745,1
321,11
321,11
321,11
611,1000
622,1
321,11
324,1
321,11
324,1
500,1
311,10
300,10
321,11
324,1
311,10
611,1
311,10
131,1
321,11
321,11
611,1
321,11
611,1
321,11
600,1
510,1
311,10
321,11
324,1
321,11
324,1
321,11
321,11
442,1
321,11
311,10
745,1
324,1
324,1
321,11
300,10
324,1
321,11
311,10
611,1
311,10
551,1
611,1
321,11
324,1
600,1
324,1
324,1
324,1
743,1
324,1
321,11
321,11
142,1
733,1
321,11
324,1
321,11
321,11
300,10
311,10
251,1
321,11
331,1
412,1
321,11
321,11
321,11
622,1
611,1
463,1
251,1
300,10
321,11
323,1
324,1
321,11
300,10
311,10
321,11
321,1010
321,11
311,10
611,1
735,1
444,1
735,1
321,11
324,1
321,11
311,10
321,11
741,1
743,1
324,1
731,1
324,1
321,11
321,11
600,1
321,11
143,1
324,1000
324,1
321,11
321,11
321,11
321,11
321,11
324,1
311,10
511,1
321,11
311,10
321,11
311,10
622,1
740,1
911,1
321,11
550,1
321,11
322,1
324,1
324,1
671,1
553,1
321,11
321,11
322,1
311,10
321,11
324,1
611,1
321,11
321,11
713,1
321,11
444,1
321,11
324,1
324,1
321,11
321,11
321,11
300,10
621,1
324,1
311,10
324,1
311,10
300,10
324,1
324,1
321,11
321,11
321,11
611,1
300,10
311,10
321,11
735,1
311,10
321,11
733,1
324,1
118,1
321,11
600,1
300,10
311,10
321,11
321,11
321,11
552,1
321,11
321,11
700,1
321,11
300,10
324,1
321,11
324,1
321,11
324,1
321,11
321,11
311,10
324,1
311,10
321,11
324,1
311,10
321,11
321,11
111,1113
311,10
324,1
321,11
311,10
321,11
321,11
321,11
324,1
321,11
300,10
746,1
321,11
500,1
321,11
611,1
311,10
311,10
311,10
321,11
311,10
321,11
745,1
311,10
324,1
300,10
251,1
300,10
324,1
311,10
321,11
622,1
321,11
321,11
324,1
321,11
321,11
321,11
300,10
321,11
611,1
321,11
324,1
324,1
353,1
611,1
300,10
743,1
741,1
113,1
652,1
611,1
321,11
321,11
311,10
611,1
611,1
324,1
321,11
311,10
321,11
300,10
321,11
311,10
321,11
321,11
311,10
321,11
321,11
321,11
311,10
321,11
300,10
531,1
300,10
300,10
311,10
321,11
611,1
311,10
600,1
550,1
911,1
745,1
311,10
311,10
321,11
321,11
311,10
611,1
311,10
321,11
321,11
730,1
324,1
300,10
321,11
311,10
321,11
321,11
321,11
324,1
321,11
321,11
321,11
311,10
321,11
321,11
321,11
745,1
321,11
300,10
311,10
321,11
300,10
311,10
311,10
321,11
324,1
321,11
300,10
611,1
321,11
520,1
321,11
321,11
412,1
311,10
321,11
554,1
555,1
311,10
311,10
321,11
500,1
412,1
311,10
740,1
321,11
321,11
300,10
321,11
611,1
553,1
321,1010
611,1
600,1
321,11
321,11
321,11
311,10
321,11
463,1
324,1
322,1
324,1
600,1
311,10
311,10
143,1
321,11
743,1
324,1000
622,1
321,11
700,1
251,1
321,11
444,1
321,11
324,1
321,11
412,1
143,1
531,1
715,1000
324,1
311,10
321,11
531,1000
611,1
500,1
300,10
622,1
321,11
554,1
321,11
611,1
321,11
500,1
324,1
311,10
300,10
311,10
331,1
321,11
531,1
511,1
554,1
321,11
323,1
311,10
321,11
321,11
311,10
561,1
321,11
321,11
311,10
324,1
300,10
324,1
300,10
321,11
735,1
611,1
745,1000
321,11
311,10
311,10
745,1
321,11
311,10
321,11
311,10
463,1
324,1
324,1
300,10
611,1
611,1
324,1
251,1
522,1
324,1
324,1
311,10
552,1
321,11
611,1
300,10
552,1
324,1
321,11
321,11
311,10
321,11
321,11
321,11
321,11
321,11
321,11
321,11
311,10
300,10
321,11
324,1
321,11
911,1
321,11
611,1
611,1
321,11
324,1
251,1
321,11
154,1
321,11
324,1
321,11
311,10
321,11
611,1
321,11
622,1
324,1
321,11
324,1
324,1
321,11
520,1
311,10
611,1
745,1
311,10
611,1
622,1
324,1
311,10
324,1
324,1
324,1
321,11
321,11
911,1
321,11
321,11
324,1
300,10
321,11
311,10
321,11
324,1
600,1
324,1
324,1
311,10
311,10
412,1
746,1
324,1
321,11
713,1
715,1
743,1
321,11
324,1
321,11
300,10
611,1000
321,11
311,10
311,10
300,10
324,1
324,1
321,11
321,11
740,1
324,1
600,1
611,1
300,10
651,1
321,11
600,1
321,11
743,1
321,11
321,11
552,1
311,10
622,1000
321,11
321,11
142,1
321,1010
324,1
100,1
321,11
311,10
611,1
321,11
321,11
132,1
321,11
321,11
324,1000
741,1
311,10
324,1
520,1
611,1
324,1
321,11
324,1
621,1
311,10
611,1
324,1
321,11
321,11
611,1
321,11
300,10
324,1
311,10
321,11
735,1
321,11
311,10
611,1
745,1
321,11
324,1
321,11
744,1
321,11
311,10
311,10
311,10
321,11
324,1
251,1
700,1
555,1
321,11
324,1
321,11
311,10
321,11
321,11
321,11
321,11
510,1
622,1
311,10
321,11
321,11
300,10
341,1
741,1
311,10
321,11
300,10
311,10
611,1
311,10
300,10
321,11
321,11
311,10
321,11
321,11
300,10
321,11
730,1
324,1
311,10
311,10
324,1
131,1
321,11
321,11
324,1
321,11
324,1
531,1
300,10
710,1
671,1
311,10
300,10
311,10
730,1
311,10
551,1
321,11
554,1
311,10
324,1
300,10
321,11
733,1
321,11
324,1
321,11
600,1
321,11
324,1
733,1
311,10
324,1
611,1
311,10
711,1
611,1
746,1
500,1
324,1
311,10
311,10
600,1
324,1
324,1
321,11
550,1
521,1
321,11
321,11
324,1
321,11
745,1
321,11
600,1
321,11
322,1
622,1
412,1
622,1
321,11
321,11
611,1
622,1
321,11
321,11
321,11
324,1
554,1
321,11
321,11
151,1
321,11
324,1
321,11
321,11
321,11
321,11
321,11
321,11
323,1
324,1
321,11
611,1
321,11
324,1
611,1
321,11
321,11
324,1
321,11
552,1
500,1
321,11
321,11
321,11
321,11
700,1
311,10
311,10
321,11
321,11
321,11
321,11
300,10
321,11
321,11
551,1
412,1
412,1
321,11
324,1
251,1
321,11
736,1
600,1
321,11
321,11
311,10
600,1
324,1
321,11
321,11
300,10
321,11
300,10
745,1
300,10
321,11
700,1
311,10
600,1
611,1
611,1
321,11
321,11
321,11
311,10
324,1
331,1
440,1
324,1
321,11
321,11
321,1010
321,11
611,1
622,1
321,11
324,1
745,1
324,1000
311,10
321,11
324,1
321,11
324,1
321,11
321,11
321,11
300,10
600,1
321,11
300,10
730,1
324,1
611,1
311,10
321,11
324,1
622,1
131,1
321,11
321,11
311,10
600,1
622,1
311,10
324,1
321,11
500,1
300,10
745,1
600,1
611,1
321,1010
611,1
321,11
745,1
324,1
321,11
321,11
700,1
321,11
300,10
324,1
600,1
740,1
324,1
311,10
321,11
321,11
300,10
622,1
322,1
324,1
321,11
554,1
321,11
324,1
311,10
600,1
324,1
321,11
324,1
550,1
324,1
324,1
800,1000
324,1
311,10
324,1
700,1
321,11
321,11
311,10
322,1
321,11
300,10
511,1
321,11
611,1
741,1
321,11
324,1
745,1
321,11
321,11
324,1
671,1
311,10
311,10
321,11
321,11
531,1
324,1
321,11
321,11
324,1
611,1
300,10
331,1
321,11
321,11
554,1
311,10
321,11
321,11
324,1
324,1
321,11
743,1
321,11
321,11
900,1
324,1
611,1
324,1
321,11
324,1
321,11
412,1
321,11
321,11
300,10
324,1
745,1
251,1
324,1
324,1
321,11
321,11
321,11
141,1
324,1
321,11
500,1000
600,1000
714,1000
324,1
324,1
730,1
311,10
321,11
600,1
300,10
611,1
324,1
745,1
321,11
622,1
324,1
324,1
900,1
311,10
622,1
730,1
311,10
300,10
321,11
321,11
324,1
321,11
650,1
321,11
321,11
611,1
321,11
311,10
324,1
600,1
311,10
611,1
321,11
611,1
311,10
321,11
331,1
324,1
321,11
300,10
730,1
311,10
321,11
321,11
500,1
500,1
321,11
321,11
311,10
321,11
300,10
321,11
321,11
622,1
611,1
611,1
321,11
321,11
323,1
311,10
321,11
111,1113
445,1
311,10
321,11
300,10
611,1
300,10
300,10
463,1
324,1
321,11
321,11
300,10
300,10
311,10
622,1
321,11
745,1
324,1
111,1113
324,1
611,1
321,11
353,1
311,10
311,10
321,11
311,10
311,10
744,1
622,1
324,1
324,1
300,10
150,1
324,1
321,11
736,1
300,10
311,10
321,11
311,10
743,1
611,1
353,1
324,1
745,1
622,1
311,10
324,1
440,1
300,10
321,11
324,1
321,11
300,10
300,10
321,11
311,10
311,10
311,10
622,1
300,10
321,11
321,11
611,1
321,11
321,11
611,1
321,11
554,1
300,10
324,1
321,11
611,1
321,11
324,1
324,1
311,10
321,11
671,1
300,10
321,11
324,1
300,10
736,1
321,11
311,10
500,1
321,11
311,10
111,1113
324,1
311,10
600,1
321,11
321,11
911,1
324,1
321,11
321,11
322,1
322,1
324,1
311,10
311,10
300,10
311,10
700,1
311,10
745,1
611,1
311,10
600,1
311,10
311,10
321,11
745,1
311,10
322,1
311,10
140,1
324,1
611,1
321,11
500,1
300,10
740,1
300,10
311,10
321,11
321,11
321,11
700,1
321,11
531,1
324,1
300,10
321,11
622,1
611,1
600,1
611,1
600,1
321,11
321,11
611,1
321,11
321,11
520,1
321,11
300,10
311,10
311,10
531,1
554,1
300,10
353,1
321,11
611,1
321,11
311,10
510,1
321,11
324,1
300,10
661,1
321,11
311,10
321,11
321,11
321,11
611,1
600,1
321,11
311,10
311,10
700,1
511,1
353,1
321,11
311,10
611,1
321,11
743,1
311,10
321,11
611,1
321,11
321,11
311,10
311,10
321,11
600,1
324,1
321,11
321,11
324,1
321,11
324,1
321,11
322,1
611,1
611,1
611,1
321,11
730,1
324,1
131,1
550,1
300,10
611,1
622,1
700,1
322,1000
322,1
300,10
321,11
554,1
740,1
324,1
321,11
600,1
321,11
710,1
321,11
321,11
321,11
311,10
311,10
251,1
321,11
111,1113
311,10
322,1
735,1
412,1
745,1
324,1
322,1
321,11
600,1
324,1
142,1
300,10
321,11
745,1
321,11
321,11
300,10
411,1
321,11
321,11
300,10
611,1
300,10
324,1
311,10
600,1
321,11
321,11
745,1
321,11
324,1
600,1000
324,1
114,1113
311,10
321,11
611,1
611,1
522,1
611,1
321,11
321,11
311,10
611,1
321,11
321,11
321,11
321,11
311,10
321,11
500,1
322,1
311,10
600,1
311,10
311,10
321,11
324,1
311,10
611,1
321,11
321,11
311,10
142,1
300,10
324,1
440,1
611,1
324,1
311,10
321,11
321,11
611,1
440,1
321,11
321,11
311,10
552,1
735,1
321,11
321,11
311,10
622,1
600,1
745,1
311,10
321,11
321,11
321,11
324,1
311,10
500,1
311,10
600,1
324,1
321,11
321,11
140,1
321,11
522,1
321,11
321,11
321,11
321,11
321,11
311,10
321,11
321,11
300,10
311,10
324,1
311,10
321,11
300,10
321,0
321,11
321,11
554,1000
321,11
321,11
311,10
321,11
155,1
311,10
730,1
710,1
321,11
321,11
311,10
743,1
611,1
611,1
622,1
151,1
600,1
311,10
736,1
321,11
611,1
745,1
611,1
611,1
324,1
324,1
900,1000
321,11
321,11
611,1
740,1
600,1
531,1
324,1
311,10
321,11
611,1
321,11
353,1
311,10
311,10
321,11
743,1
352,1
321,11
321,11
321,11
611,1
321,11
311,10
743,1
611,1
300,10
321,11
321,11
324,1
411,1
321,11
733,1
611,1
311,10
311,10
321,11
321,1010
321,11
321,11
311,10
321,11
321,11
511,1
611,1
321,11
321,11
321,11
311,10
113,1
311,10
321,11
321,11
311,10
321,11
743,1
321,11
300,10
324,1
324,1
321,11
300,10
444,1
324,1
300,10
511,1
311,10
151,1
321,11
154,1
300,10
324,1
311,10
321,11
300,10
321,11
311,10
500,1
321,11
321,11
321,11
311,10
321,11
321,11
321,11
331,1
321,11
321,11
324,1
321,1010
321,11
321,11
745,1
311,10
511,1
300,10
324,1
321,11
321,11
300,10
321,11
735,1
300,10
324,1
120,1113
311,10
142,1
322,1
321,11
324,1
300,10
412,1
324,1
321,11
324,1
321,11
321,11
324,1
321,1010
321,11
321,11
311,10
324,1
324,1
321,11
311,10
600,1
611,1
321,11
740,1
321,11
311,10
324,1
324,1
311,10
321,11
321,11
511,1
321,11
745,1
321,11
300,10
311,10
741,1
321,11
611,1
740,1
112,1113
321,11
311,10
321,11
321,11
321,11
321,11
311,10
311,10
321,11
311,10
322,1
600,1
611,1
611,1
321,11
321,11
700,1
500,1
324,1
300,10
322,1
611,1
611,1
321,11
322,1
900,1
321,11
321,11
321,11
311,10
154,1
321,11
322,1
600,1
324,1
324,1
324,1000
611,1
554,1
311,10
311,10
321,11
531,1
324,1
321,11
311,10
552,1
300,10
321,11
321,11
622,1
311,10
622,1
321,11
324,1
311,10
321,11
324,1
311,10
611,1
611,1
622,1
553,1
510,1
311,10
321,11
700,1
700,1
324,1
324,1
324,1
552,1
324,1
600,1
322,1
611,1
311,10
300,10
321,11
321,11
321,11
745,1
321,11
321,11
324,1
622,1
321,11
321,11
321,1010
600,1
321,11
143,1
321,11
324,1
321,11
730,1
324,1
321,11
321,11
321,11
321,11
321,11
611,1
321,11
740,1
441,1
321,11
321,11
324,1000
321,11
311,10
611,1
321,11
321,11
311,10
321,11
321,11
622,1
324,1
321,11
300,10
321,11
324,1
611,1
311,10
311,10
324,1
611,1
324,1
324,1
321,11
300,10
321,11
322,1000
700,1
311,10
745,1
321,11
321,11
561,1
324,1
311,10
321,11
321,11
321,11
321,11
740,1
311,10
321,11
321,11
321,11
300,10
300,10
611,1
611,1
552,1000
321,11
321,11
321,11
611,1
611,1
743,1
311,10
600,1
300,10
300,10
311,10
552,1
311,10
321,11
324,1
740,1
321,11
321,11
311,10
321,11
311,10
740,1
321,11
324,1
321,11
611,1
321,11
311,10
113,1
611,1
321,11
743,1
321,11
740,1
324,1
300,10
311,10
324,1
321,11
321,11
300,10
622,1
300,10
321,11
322,1
321,11
321,11
321,11
743,1
321,11
611,1
300,10
736,1
321,11
611,1
735,1
300,10
321,11
321,11
551,1
321,11
300,10
611,1
300,10
321,11
321,11
743,1
321,11
550,1
611,1
321,11
321,11
311,10
321,11
321,11
321,11
324,1
321,11
411,1
611,1
300,10
324,1
311,10
321,11
324,1
300,10
745,1
321,11
321,11
700,1
611,1
321,11
321,11
324,1
600,1
554,1
300,10
600,1
744,1
321,11
745,1
324,1
400,1000
324,1
300,10
321,11
700,1
600,1
321,11
300,10
321,11
321,11
324,1
300,10
321,11
622,1
552,1
300,10
321,11
321,11
321,11
321,11
321,11
321,11
321,11
324,1
311,10
324,1
324,1
321,11
551,1
321,11
412,1
730,1
611,1
611,1
321,11
321,11
600,1
321,11
710,1
143,1
611,1
321,11
321,1010
311,10
321,11
321,11
322,1
321,11
321,11
311,10
311,10
321,11
321,11
321,11
321,11
300,10
324,1
324,1
300,10
321,11
321,11
321,11
700,1
745,1
321,11
311,10
611,1
311,10
311,10
322,1
322,1
321,11
324,1
611,1
321,11
322,1
611,1
324,1
321,11
311,10
311,10
311,10
311,10
600,1
554,1
324,1
321,11
311,10
321,11
321,11
324,1
511,1
300,10
611,1
300,10
321,11
311,10
142,1
324,1
321,11
311,10
745,1
321,11
321,11
500,1
321,11
300,10
311,10
321,11
743,1
321,11
611,1
321,11
321,11
321,11
311,10
611,1
324,1
324,1
321,11
324,1
321,11
321,11
311,10
611,1
300,10
322,1
324,1
744,1
321,11
321,11
324,1
324,1
321,11
353,1
154,1
321,11
324,1
321,11
740,1
611,1
300,10
511,1
463,1
321,11
321,1010
745,1
300,10
520,1
324,1
440,1
324,1
311,10
300,10
321,11
321,11
611,1
324,1
600,1
321,11
322,1
324,1
324,1
611,1
321,11
324,1
321,11
412,1
321,11
463,1
550,1000
324,1
324,1
745,1
321,11
311,10
321,11
311,10
324,1
324,1000
611,1
300,10
324,1
611,1
251,1
740,1
322,1000
321,11
622,1
322,1
321,11
111,1113
324,1
300,10
311,10
300,10
321,11
600,1
321,11
321,11
324,1
324,1
300,10
324,1
300,10
321,11
322,1
321,11
324,1
311,10
321,11
531,1
321,11
700,1000
324,1
300,10
324,1
300,10
321,11
622,1
730,1
324,1
321,11
611,1
731,1
710,1
324,1
321,11
321,11
321,11
300,10
324,1
411,1
311,10
300,10
600,1
324,1
322,1
600,1
321,11
321,11
324,1000
321,11
311,10
321,1010
611,1
622,1
324,1
611,1
311,10
321,11
321,11
324,1
324,1
735,1
730,1
321,11
311,10
324,1
744,1
321,11
611,1
611,1
324,1
551,1
321,11
321,11
321,11
321,11
142,1
324,1
321,1010
311,10
324,1
321,11
324,1
300,10
321,11
611,1
321,11
622,1
311,10
321,11
321,11
311,10
621,1
311,10
611,1
311,10
311,10
321,11
311,10
311,10
700,1
321,11
321,11
700,1
324,1
321,11
321,11
321,11
733,1
321,11
321,11
300,10
321,11
731,1
743,1
311,10
300,10
321,11
321,11
611,1
700,1
321,11
321,11
300,10
622,1
111,1113
321,11
324,1
321,11
321,11
321,11
511,1
311,10
324,1
324,1
730,1
321,11
311,10
321,11
324,1
322,1
311,10
622,1
324,1
745,1
321,11
321,11
311,10
321,11
311,10
321,11
324,1
300,10
321,11
321,11
324,1
611,1
622,1
324,1
324,1
311,10
321,11
463,1
411,1
324,1
321,11
554,1
324,1
311,10
324,1
324,1
321,11
324,1
324,1
321,11
321,11
311,10
324,1
321,11
321,11
324,1
321,11
600,1
324,1
740,1
321,11
324,1
322,1
324,1
321,11
321,11
743,1
600,1
735,1
743,1
324,1
600,1
600,1
321,11
324,1
611,1
324,1
300,10
324,1
324,1
321,11
733,1
600,1
321,11
321,11
324,1
321,11
311,10
622,1
611,1000
321,11
321,11
324,1
555,1
300,10
321,11
321,11
321,11
324,1
311,10
321,11
300,10
321,11
611,1
300,10
321,11
600,1
611,1
745,1
311,10
611,1
740,1
324,1
321,11
321,11
321,11
600,1
321,11
321,11
321,11
541,1
321,11
300,10
331,1
611,1
611,1
131,1
911,1
531,1
321,11
311,10
463,1
611,1
321,11
324,1
735,1
321,11
321,11
324,1
311,10
321,11
322,1
300,10
322,1
251,1
324,1
131,1
323,1
142,1
321,11
611,1
743,0
311,10
321,11
311,10
321,11
321,11
321,11
324,1
321,11
321,11
321,11
740,1000
740,1
324,1
321,11
321,11
324,1
324,1
321,11
321,11
611,1
321,11
324,1
324,1
321,11
324,1
324,1
321,11
745,1
300,10
300,10
321,11
551,1
700,1
611,1
321,11
300,10
311,10
300,10
321,11
911,1
321,11
550,1
743,1
324,1
611,1
511,1
324,1
324,1
413,1
311,10
324,1
611,1
611,1
321,11
321,1010
745,1
324,1
321,11
321,11
324,1
324,1
324,1
611,1
324,1
324,1
324,1
740,1
321,11
324,1
321,11
600,1
321,11
743,1
322,1000
324,1
622,1
311,10
324,1
251,1
622,1
324,1
611,1
324,1
611,1
745,1
324,1
321,11
311,10
321,11
745,1
324,1
600,1
735,1
611,1
611,1
600,1
324,1
300,10
321,11
321,11
321,11
324,1
311,10
321,11
324,1
131,1
321,11
321,11
311,10
324,1
321,11
321,11
353,1
324,1
321,11
321,11
321,11
531,1
321,11
323,1
324,1
622,1
321,11
321,11
444,1
412,1
321,11
324,1
321,11
324,1
611,1
611,1
311,10
321,11
300,10
324,1
324,1
321,11
611,1
321,11
321,11
321,11
611,1
321,11
321,11
300,10
321,11
300,10
151,1
311,10
311,10
321,11
321,11
321,11
552,1
321,11
311,10
321,11
150,1
321,11
324,1
622,1
622,1
611,1
321,1010
300,10
321,11
321,11
444,1
321,11
300,10
324,1
611,1000
321,11
733,1000
445,1
611,1
730,1
710,1
321,11
552,1
321,11
321,11
321,11
321,11
550,1
321,11
321,11
311,10
321,11
321,11
311,10
324,1
311,10
622,1
311,10
611,1
353,1
321,11
551,1
321,11
552,1
321,11
321,11
735,1
300,10
745,1
321,11
311,10
730,1
321,11
300,10
311,10
324,1
321,11
311,10
321,11
321,11
611,1
500,1
611,1
300,10
700,1
311,10
743,1
311,10
321,11
321,11
311,10
324,1
324,1
622,1
300,10
622,1
131,1
321,11
321,11
311,10
732,1
322,1
611,1
321,11
300,10
311,10
321,1010
118,1
324,1
324,1
300,10
311,10
321,11
321,11
311,10
321,11
321,11
551,1000
611,1
324,1
321,11
600,1
321,11
300,10
324,1
324,1
321,11
611,1
554,1
321,11
551,1
321,11
600,1
321,11
321,11
324,1
700,1
311,10
321,11
321,11
324,1
600,1
324,1
300,10
322,1
745,1
311,10
611,1
741,1000
730,1
321,11
311,10
321,11
324,1
324,1
321,11
321,11
520,1
412,1
311,10
611,1
743,1
671,1
411,1
321,11
321,11
531,1
321,11
321,11
735,1
611,1
324,1
324,1
321,11
611,1
321,11
321,11
611,1
321,11
321,11
300,10
131,1
324,1
321,11
622,1
321,11
321,11
311,10
740,1
661,1
531,1
321,11
321,11
400,1
324,1
324,1
311,10
463,1
321,11
300,10
531,1
400,1000
622,1
321,11
321,11
321,11
300,10
321,11
611,1
311,10
321,11
520,1
300,10
321,11
600,1
551,1
321,11
324,1
531,1
321,11
551,1
311,10
500,1
440,0
324,1
324,1
321,11
324,1
321,11
611,1
251,1
321,11
321,11
300,10
321,11
321,11
311,10
322,1
311,10
321,11
321,11
740,1
142,1
324,1
321,11
311,10
324,1
735,1
611,1
600,1
321,11
321,11
321,11
511,1
324,1
321,11
322,1
700,1
311,10
611,1
321,11
324,1
321,11
500,1
700,1
324,1
321,11
324,1
321,11
321,11
622,1
740,1
745,1
324,1
321,11
700,1
324,1
324,1
321,11
321,11
324,1
324,1
531,1
311,10
324,1
321,11
321,11
622,1
321,11
600,1
324,1
321,11
321,11
321,11
321,11
551,1
324,1
321,11
321,11
321,11
321,11
311,10
324,1
321,11
321,11
300,10
311,10
463,1
324,1
622,1
324,1
331,1
622,1
554,1
324,1
151,1000
324,1
324,1
321,1010
730,1
324,1
311,10
622,1
621,1
321,11
611,1
622,1
311,10
321,11
324,1
324,1
311,10
311,10
300,10
700,1
311,10
324,1
311,10
622,1
600,1
552,1
324,1
300,10
324,1
324,1
411,1
324,1
745,1
745,1
113,1
324,1
321,11
324,1
600,1
321,11
140,1000
600,1
311,10
324,1
324,1
621,1
715,1
321,11
600,1
321,11
321,11
311,10
321,11
324,1
600,1
710,1
324,1
324,1
300,10
311,10
322,1
321,11
311,10
321,11
321,11
321,11
321,11
300,10
730,1
311,10
700,1
321,11
444,1
321,11
324,1
311,10
324,1
600,1
321,11
321,11
321,11
600,1
622,1000
311,10
321,11
311,10
321,1010
321,11
324,1
321,11
324,1
321,11
311,10
321,11
740,1
324,1
736,1000
321,11
611,1
324,1
440,1
321,11
311,10
321,11
321,11
745,1000
324,1
321,11
311,10
730,1
622,1
321,1010
745,1
671,1
311,10
321,11
744,1
321,11
743,1
324,1
311,10
321,11
600,1
743,1
324,1
611,1
321,11
745,1
611,1
746,1
600,1
611,1
321,11
700,1
600,1
411,1000
321,11
300,10
733,1
311,10
743,1
311,10
311,10
321,11
321,11
552,1
321,11
321,11
730,1
735,1
400,1
324,1
324,1
321,11
550,1
324,1
321,11
600,1
321,11
744,1
611,1
321,11
324,1
311,10
611,1
324,1
730,1
300,10
321,11
321,11
311,10
622,1
321,11
611,1
321,11
311,10
324,1
324,1
311,10
324,1
300,10
740,1
323,1
321,11
733,1
321,11
324,1
321,11
321,11
321,11
321,11
111,1113
611,1
324,1
311,10
611,1
311,10
611,1
324,1
733,1
321,11
600,1
321,11
300,10
611,1
323,1
324,1
321,11
744,1
321,11
745,1
321,11
321,11
321,11
321,11
321,11
321,11
324,1
321,11
311,10
321,11
324,1
324,1
412,1
611,1
353,1
324,1
300,10
324,1
324,1
463,1
324,1000
324,1
324,1000
324,1
311,10
324,1
324,1
321,11
553,1
600,1000
352,1
321,11
500,1000
321,11
321,11
300,10
531,1
321,11
745,1
311,10
324,1
311,10
321,11
611,1
321,11
300,10
324,1000
324,1
700,1
324,1
611,1
531,1
300,10
321,11
322,1
324,1
321,11
311,10
311,10
324,1
311,10
321,11
611,1
321,11
324,1
142,1
322,1
300,0
651,1
321,11
600,1
321,11
300,10
324,1
321,11
321,11
322,1
324,1
324,1
321,11
324,1
151,1000
321,11
611,1
743,1
321,11
321,11
321,11
321,11
500,1000
321,11
321,11
324,1
321,11
600,1
300,10
300,10
324,1
611,1
321,11
322,1
321,11
611,1
611,1
311,10
116,1
321,11
321,11
324,1
321,11
311,10
321,11
551,1
511,1
311,10
745,1
321,11
321,11
743,1
324,1
300,10
463,1000
131,1
300,10
611,1
321,11
323,1
321,11
311,10
324,1
321,11
511,1
531,1
735,1
324,1
311,10
622,1
321,11
321,11
611,1
600,1
324,1
611,1
412,1
600,1
311,10
311,10
321,11
300,10
324,1
322,1
321,11
324,1
733,1
321,11
600,1
611,1
300,10
611,1
440,1
321,11
324,1
600,1
324,1
322,1
321,11
311,10
511,1
321,11
324,1
733,1000
324,1
324,1
324,1
311,10
744,1
311,10
600,1
321,11
324,1
311,10
324,1
321,11
321,11
324,1
324,1
622,1
321,11
324,1
324,1
324,1
321,11
300,10
746,1
322,1
321,11
321,11
311,10
611,1
331,1
324,1
321,11
311,10
311,10
321,11
611,1
321,11
553,1
311,10
321,11
130,1
500,1
600,1
321,11
321,11
412,1
321,11
131,1
550,1
321,11
323,1
321,11
700,1
611,1
700,1
321,1010
321,11
321,11
324,1
412,1
324,1
324,1
321,11
154,1
321,11
321,11
321,11
321,11
321,11
611,1
300,10
735,1
745,1
600,1
611,1
622,1
324,1
324,1
600,1
440,1
311,10
321,11
324,1
311,10
321,11
321,11
321,11
324,1
734,1
300,10
311,10
321,11
324,1
500,1
611,1
321,11
321,11
321,1010
311,10
321,11
311,10
311,10
611,1
600,1
611,1
611,1
321,11
311,10
700,1
321,11
321,11
321,1010
321,11
321,11
611,1
321,11
300,10
151,1
321,11
671,1
321,11
300,10
311,10
321,11
324,1
300,10
300,10
311,10
321,11
463,1
321,11
251,1
300,10
321,11
321,11
411,1
611,1
300,10
311,10
611,1
324,1
321,11
741,1
321,11
321,11
611,1
321,11
321,1010
