ID	Result	NatureCode	CallRecived	Address
2017-009000	1	324	2017/1/24 12:40:40	23RD STREET NORTHWEST/RIVER ROAD NORTHWEST
2017-009001	1	735	2017/1/24 12:43:45	4655 HANOVER AVENUE
2017-009002	11	321	2017/1/24 12:43:49	2838 SOUTHEAST 82ND AVENUE
2017-009003	11	321	2017/1/24 12:53:50	9701 NORTHEAST WEIDLER STREET
2017-009004	1	324	2017/1/24 12:58:32	ADAMS AVENUE/ROSALIND AVENUE
2017-009005	10	311	2017/1/24 13:06:09	SERVICE ROAD
2017-009006	11	321	2017/1/24 13:07:20	5201 NORTHWEST JAMES BUSH ROAD
2017-009007	1	322	2017/1/24 13:11:10	SERVICE ROAD
2017-009008	10	300	2017/1/24 13:11:55	3601 NORTH 2ND STREET
2017-009009	1	322	2017/1/24 13:12:28	UNCLASSIFIED ROAD
2017-009010	1	251	2017/1/24 13:13:25	8435 NORTHEAST GLISAN STREET
2017-009011	1	324	2017/1/24 13:23:41	SOUTHEAST KNIGHT STREET/SOUTHEAST 52ND AVENUE
2017-009012	1	131	2017/1/24 13:27:43	GATEWAY DRIVE NORTHWEST
2017-009013	1	323	2017/1/24 13:35:32	NORTHWEST GREELEY AVENUE
2017-009014	1	142	2017/1/24 13:37:45	ALA MOANA BOULEVARD/CHANNEL STREET
2017-009015	11	321	2017/1/24 13:39:49	ASTRONAUT BOULEVARD/INTERNATIONAL DRIVE
2017-009016	1	611	2017/1/24 13:40:31	349 OLDE RIDENOUR ROAD
A NORTHEAST 42ND AVENUE"	0	743	2017/1/24 13:42:34	"1925;1925 
2017-009018	10	311	2017/1/24 13:46:05	4201 EAST BURNSIDE STREET
2017-009019	11	321	2017/1/24 13:54:28	1288 SOUTHWEST SIMPSON AVENUE
2017-009020	10	311	2017/1/24 13:58:11	UNKNOWN ADDRESS
2017-009021	11	321	2017/1/24 14:01:24	3060 SOUTHEAST DIVISION STREET
2017-009022	11	321	2017/1/24 14:10:22	2002 SOUTHEAST 17TH AVENUE
2017-009023	11	321	2017/1/24 14:19:34	6301 DEMERS AVENUE
2017-009024	1	324	2017/1/24 14:24:24	NORTHEAST HALSEY STREET
2017-009025	11	321	2017/1/24 14:39:09	1630 30TH STREET
2017-009026	11	321	2017/1/24 14:45:06	3101 SOUTHEAST RAYMOND STREET
2017-009027	11	321	2017/1/24 14:45:07	2701 SOUTHEAST 30TH AVENUE
2017-009028	1000	740	2017/1/24 14:46:16	3155 EAST BURNSIDE STREET
2017-009029	1	740	2017/1/24 14:56:59	6401 SOUTHEAST HOLGATE BOULEVARD
2017-009030	1	324	2017/1/24 15:04:07	ASHLEY COURT
2017-009031	11	321	2017/1/24 15:04:35	UNCLASSIFIED ROAD
2017-009032	11	321	2017/1/24 15:05:35	6505 SOUTHEAST POWELL BOULEVARD
2017-009033	1	324	2017/1/24 15:07:07	KINCAID STREET/EAST 14TH ALLEY
2017-009034	1	324	2017/1/24 15:09:09	TANTRA DRIVE
2017-009035	11	321	2017/1/24 15:11:12	4800 BASELINE ROAD
2017-009036	11	321	2017/1/24 15:11:28	2136 SOUTHEAST POWELL BOULEVARD
2017-009037	1	611	2017/1/24 15:14:36	901 BASELINE ROAD
2017-009038	11	321	2017/1/24 15:19:55	WEST HILLS ROAD/SOUTHWEST WESTERN BOULEVARD
2017-009039	1	324	2017/1/24 15:20:12	SOUTHEAST 6TH AVENUE
2017-009040	1	324	2017/1/24 15:21:07	SOUTHEAST 76TH AVENUE/SOUTHEAST TAYLOR STREET
2017-009041	11	321	2017/1/24 15:24:09	701 WEST COCOA BEACH CAUSEWAY
2017-009042	1	324	2017/1/24 15:26:50	NORTHEAST WEIDLER STREET/NORTHEAST 28TH AVENUE
2017-009043	1	324	2017/1/24 15:29:16	SERVICE ROAD
2017-009044	11	321	2017/1/24 15:33:28	400 1ST AVENUE SOUTHEAST
2017-009045	1	745	2017/1/24 15:35:28	5901 GREFSTADHEIA
2017-009046	10	300	2017/1/24 15:36:23	2802 SOUTHEAST 28TH PLACE
2017-009047	10	300	2017/1/24 15:37:05	FJ√¶REVEIEN
2017-009048	11	321	2017/1/24 15:37:18	UNKNOWN ADDRESS
2017-009049	1	551	2017/1/24 15:39:22	UNKNOWN ADDRESS
2017-009050	1	700	2017/1/24 15:43:17	4 YAWKEY WAY
2017-009051	1	611	2017/1/24 15:47:19	3866 SOUTHEAST WOODWARD STREET
2017-009052	11	321	2017/1/24 15:49:24	2001 NORTHWEST 5TH STREET
2017-009053	10	300	2017/1/24 15:51:18	EAST 3RD AVENUE
2017-009054	10	311	2017/1/24 15:56:38	4501 SOUTH 5TH STREET
2017-009055	10	300	2017/1/24 15:56:42	4800 BASELINE ROAD
2017-009056	11	321	2017/1/24 15:56:53	349 OLDE RIDENOUR ROAD
2017-009057	1	911	2017/1/24 15:59:12	9601 NORTHEAST 28TH AVENUE
2017-009058	11	321	2017/1/24 16:04:37	800 OCCIDENTAL AVENUE SOUTH
2017-009059	1	550	2017/1/24 16:10:39	9502 SOUTHEAST SALMON STREET
2017-009060	1	743	2017/1/24 16:14:06	5501 MISSION LANE
2017-009061	1	324	2017/1/24 16:15:00	NORTH MAIN STREET
2017-009062	1	611	2017/1/24 16:21:09	BASELINE FRONTAGE ROAD
2017-009063	1	511	2017/1/24 16:28:46	UNKNOWN ADDRESS
2017-009064	1	324	2017/1/24 16:28:49	SERVICE ROAD
2017-009065	1	324	2017/1/24 16:39:43	SOUTHEAST HAWTHORNE BOULEVARD
2017-009066	1	413	2017/1/24 16:41:46	2401 HILYARD STREET
2017-009067	10	311	2017/1/24 16:43:40	310 WEST KAAHUMANU AVENUE
2017-009068	1	324	2017/1/24 16:49:27	INNERSTATE 90
2017-009069	1	611	2017/1/24 16:51:54	1901 BEACH WALK
2017-009070	1	611	2017/1/24 16:57:48	2401 FRONT STREET NORTH
2017-009071	11	321	2017/1/24 16:57:54	3RD AVENUE NORTHWEST/3RD STREET NORTHWEST
2017-009072	1010	321	2017/1/24 16:58:19	UNKNOWN ADDRESS
2017-009073	1	745	2017/1/24 17:00:41	3256 NORTHEAST COUCH STREET
2017-009074	1	324	2017/1/24 17:04:27	SERVICE ROAD
2017-009075	11	321	2017/1/24 17:06:09	9701 NORTHEAST SCHUYLER STREET
2017-009076	11	321	2017/1/24 17:07:23	3501 NORTHEAST HASSALO STREET
2017-009077	1	324	2017/1/24 17:09:41	BASELINE ROAD
2017-009078	1	324	2017/1/24 17:10:20	NORTHEAST BRAZEE STREET
2017-009079	1	324	2017/1/24 17:12:39	NORTHEAST 14TH AVENUE
2017-009080	1	611	2017/1/24 17:14:58	1001 NORTHWEST MAPLE STREET
2017-009081	1	324	2017/1/24 17:15:13	FAIRMOUNT BOULEVARD
2017-009082	1	324	2017/1/24 17:15:46	SECONDARY ROAD
2017-009083	1	324	2017/1/24 17:20:33	MALUHIA ROAD
2017-009084	1	740	2017/1/24 17:20:49	510 8TH AVENUE NORTHEAST
2017-009085	11	321	2017/1/24 17:25:54	SERVICE ROAD
2017-009086	1	324	2017/1/24 17:26:43	BEND PARKWAY
2017-009087	11	321	2017/1/24 17:27:09	UNKNOWN ADDRESS
2017-009088	1	600	2017/1/24 17:29:17	SERVICE ROAD
2017-009089	11	321	2017/1/24 17:31:34	SOUTHEAST WOODWARD STREET/SOUTHEAST 35TH PLACE
2017-009090	1	743	2017/1/24 17:33:48	1600 PLEASANT STREET
2017-009091	1000	322	2017/1/24 17:36:52	9102 EUCLID AVENUE
2017-009092	1	324	2017/1/24 17:39:45	CLUB ROAD
2017-009093	1	622	2017/1/24 17:40:50	SOUTHEAST POWELL BOULEVARD
2017-009094	10	311	2017/1/24 17:45:44	6801 SOUTHEAST 29TH AVENUE
2017-009095	1	324	2017/1/24 17:47:34	SOUTHWEST BIRDSONG DRIVE/SOUTHWEST HOLLYHOCK CIRCLE
2017-009096	1	251	2017/1/24 17:47:35	SERVICE ROAD
2017-009097	1	622	2017/1/24 17:47:40	SOUTHEAST 68TH AVENUE
2017-009098	1	324	2017/1/24 17:48:02	SERVICE ROAD
2017-009099	1	611	2017/1/24 17:49:38	8435 NORTHEAST GLISAN STREET
2017-009100	1	324	2017/1/24 17:53:44	ORANGE AVENUE/PIERCE AVENUE
2017-009101	1	611	2017/1/24 17:54:23	2803 BEAR MOUNTAIN DRIVE
2017-009102	1	745	2017/1/24 17:56:49	151 ULUNIU AVENUE
2017-009103	1	324	2017/1/24 17:56:55	LAUREL RIDGE DRIVE/FRANCES COURT
2017-009104	11	321	2017/1/24 17:58:09	1001 ENA ROAD
2017-009105	10	311	2017/1/24 18:01:45	8201 SOUTHEAST 70TH AVENUE
2017-009106	11	321	2017/1/24 18:02:35	6001 NORTHEAST DEKALB AVENUE
2017-009107	1	745	2017/1/24 18:04:37	3955 SOUTHEAST POWELL BOULEVARD
2017-009108	1	324	2017/1/24 18:07:05	SOUTHWEST IVY PLACE
2017-009109	1	600	2017/1/24 18:11:43	SECONDARY ROAD
2017-009110	1	735	2017/1/24 18:12:12	8502 EAST 13TH AVENUE
2017-009111	1	611	2017/1/24 18:12:57	1255 HILYARD
2017-009112	1	611	2017/1/24 18:14:41	7701 NORTHWEST GILMAN BOULEVARD
2017-009113	1	600	2017/1/24 18:16:06	MCCULLY STREET
2017-009114	1	324	2017/1/24 18:21:13	SOUTH MAIN STREET
2017-009115	10	300	2017/1/24 18:23:19	1319 PUNAHOU STREET
2017-009116	11	321	2017/1/24 18:25:25	221 MAHALANI STREET
2017-009117	11	321	2017/1/24 18:26:48	NORTHEAST 20TH AVENUE
2017-009118	11	321	2017/1/24 18:27:22	6201 NORTHWEST ARIZONA AVENUE
2017-009119	1	324	2017/1/24 18:35:07	NORTHEAST 35TH PLACE/NORTHEAST MERGES DRIVE
2017-009120	10	311	2017/1/24 18:35:59	111 FRONT STREET NORTH
2017-009121	11	321	2017/1/24 18:42:02	7501 NORTHEAST SEWARD AVENUE
2017-009122	1	324	2017/1/24 18:42:57	KJ√∏RRVIGVEIEN/ST√∏LEVEIEN
2017-009123	1	131	2017/1/24 18:47:15	T. H. BANFIELD FREEWAY
2017-009124	11	321	2017/1/24 18:48:59	CHALLENGER ROAD
2017-009125	11	321	2017/1/24 18:49:53	510 8TH AVENUE NORTHEAST
2017-009126	10	311	2017/1/24 18:54:28	1216 WAIMANU STREET
2017-009127	1	324	2017/1/24 19:00:18	HIGH STREET
2017-009128	11	321	2017/1/24 19:01:58	4111 NORTHEAST TILLAMOOK STREET
2017-009129	11	321	2017/1/24 19:02:58	SOUTHEAST ELLIS STREET/SOUTHEAST 42ND AVENUE
2017-009130	1	353	2017/1/24 19:05:05	10001 NORTHWEST HARRIMAN STREET
2017-009131	1	324	2017/1/24 19:10:43	NEW ATHOL ROAD
2017-009132	11	321	2017/1/24 19:11:08	4124 SOUTHEAST 82ND AVENUE
2017-009133	11	321	2017/1/24 19:18:48	621 SOUTHEAST MORRISON STREET
2017-009134	11	321	2017/1/24 19:20:07	5701 MONMOUTH STREET
2017-009135	1	531	2017/1/24 19:20:37	BROADWAY/MORRISON ALLEY
2017-009136	11	321	2017/1/24 19:25:22	UNKNOWN ADDRESS
2017-009137	1	323	2017/1/24 19:36:59	SOUTHEAST 24TH AVENUE/SOUTHEAST PINE STREET
2017-009138	1	324	2017/1/24 19:37:35	TERTIARY ROAD
2017-009139	1	622	2017/1/24 19:44:22	5401 ARNOLD DRIVE
2017-009140	11	321	2017/1/24 19:47:48	HIGHLANDS DRIVE/NORTHEAST DISCOVERY DRIVE
2017-009141	11	321	2017/1/24 19:58:37	113 NORTHWEST MINNESOTA AVENUE
2017-009142	1	444	2017/1/24 19:59:49	1ST AVENUE NORTHWEST/WEST SUNSET WAY
2017-009143	1	412	2017/1/24 20:00:29	1202 PENNSYLVANIA AVENUE
2017-009144	11	321	2017/1/24 20:01:17	28TH STREET
2017-009145	1	324	2017/1/24 20:04:17	ALGAROBA STREET
2017-009146	11	321	2017/1/24 20:07:38	SOUTH KING STREET
2017-009147	1	324	2017/1/24 20:08:09	FLAGLER LANE/OCEAN BEACH BOULEVARD
2017-009148	1	611	2017/1/24 20:09:12	510 8TH AVENUE NORTHEAST
2017-009149	1	611	2017/1/24 20:12:14	4501 NORTHWEST PORTLAND AVENUE
2017-009150	10	311	2017/1/24 20:17:03	SOUTHEAST 3RD STREET/SOUTHEAST RAILROAD STREET
2017-009151	11	321	2017/1/24 20:20:09	5300 OCEAN BEACH BOULEVARD
2017-009152	10	300	2017/1/24 20:20:53	401 SOUTHEAST 40TH AVENUE
2017-009153	1	324	2017/1/24 20:24:18	SOUTHEAST BOISE STREET/SOUTHEAST 52ND AVENUE
2017-009154	1	324	2017/1/24 20:25:53	SOUTHEAST LAFAYETTE COURT/SOUTHEAST 37TH AVENUE
2017-009155	11	321	2017/1/24 20:31:07	114 NORTHEAST 70TH AVENUE
2017-009156	1	611	2017/1/24 20:35:40	1288 QUEEN STREET
2017-009157	11	321	2017/1/24 20:36:15	3 SOUTH MAIN STREET
2017-009158	11	321	2017/1/24 20:42:25	4501 KUHIO AVENUE
2017-009159	11	321	2017/1/24 20:49:05	3377 SOUTHEAST DIVISION STREET
2017-009160	1	611	2017/1/24 20:57:29	5710 11TH AVENUE NORTHWEST
2017-009161	11	321	2017/1/24 20:58:01	3201 SOUTHEAST RAYMOND STREET
2017-009162	11	321	2017/1/24 21:00:46	9601 KASON'S WAY
2017-009163	10	300	2017/1/24 21:02:50	3518 SOUTHEAST 66TH AVENUE
2017-009164	11	321	2017/1/24 21:02:54	8424 NORTHEAST HANCOCK STREET
2017-009165	10	300	2017/1/24 21:06:54	3101 KEOLANI PLACE
2017-009166	1	151	2017/1/24 21:07:38	3101 NORTH MAIN STREET
2017-009167	10	311	2017/1/24 21:08:16	701 WEST COCOA BEACH CAUSEWAY
2017-009168	10	311	2017/1/24 21:10:59	5401 ALGAROBA STREET
2017-009169	11	321	2017/1/24 21:12:07	7702 BYGLAND ROAD SOUTHEAST
2017-009170	11	321	2017/1/24 21:15:21	5001 EAST 13TH AVENUE
2017-009171	11	321	2017/1/24 21:24:41	730 SOUTHWEST COLUMBIA STREET
2017-009172	1	552	2017/1/24 21:30:00	7301 SOUTHEAST TAYLOR STREET
2017-009173	11	321	2017/1/24 21:41:06	1039 SOUTH KING STREET
2017-009174	10	311	2017/1/24 21:42:07	2221 SOUTHEAST SHERMAN STREET
2017-009175	11	321	2017/1/24 21:44:25	3801 SHADY SPRING DRIVE
2017-009176	1	150	2017/1/24 21:48:03	UNKNOWN ADDRESS
2017-009177	11	321	2017/1/24 21:54:58	4124 SOUTHEAST 82ND AVENUE
2017-009178	1	324	2017/1/24 22:03:20	RESIDENTIAL ROAD
2017-009179	1	622	2017/1/24 22:04:11	1701 REPPLIER STREET
2017-009180	1	622	2017/1/24 22:06:05	120 2ND STREET SE
2017-009181	1	611	2017/1/24 22:09:51	8101 WASHINGTON STREET
2017-009182	1010	321	2017/1/24 22:14:34	7401 EAST 8TH AVENUE
2017-009183	10	300	2017/1/24 22:15:03	4001 NORTHEAST DAVIS STREET
2017-009184	11	321	2017/1/24 22:21:54	924 BROADWAY
2017-009185	11	321	2017/1/24 22:23:57	1600 28TH STREET
2017-009186	1	444	2017/1/24 22:25:47	7701 ALPINE AVENUE
2017-009187	11	321	2017/1/24 22:27:42	5401 WEST KAMEHAMEHA AVENUE
2017-009188	10	300	2017/1/24 22:28:14	NORTHEAST 33RD AVENUE
2017-009189	1	324	2017/1/24 22:28:55	SOUTH BERETANIA STREET/WONG HO LANE
2017-009190	1000	611	2017/1/24 22:29:29	7201 KAL√Ñ¬ÅKAUA AVENUE
2017-009191	11	321	2017/1/24 22:39:48	UNKNOWN ADDRESS
2017-009192	1000	733	2017/1/24 22:40:17	5401 ALGAROBA STREET
2017-009193	1	445	2017/1/24 22:40:31	5506 NORTHEAST HOYT STREET
2017-009194	1	611	2017/1/24 22:42:30	MILL STREET/WALNUT STREET
2017-009195	1	730	2017/1/24 22:42:57	2401 EAST 17TH AVENUE
2017-009196	1	710	2017/1/24 22:43:53	8435 NORTHEAST GLISAN STREET
2017-009197	11	321	2017/1/24 22:52:51	2955 NORTH HIGHWAY 97
2017-009198	1	552	2017/1/24 22:54:23	301 ECOLS STREET NORTH
2017-009199	11	321	2017/1/24 22:55:15	1ST STREET EAST
2017-009200	11	321	2017/1/24 22:56:13	MOTORWAY ROAD
2017-009201	11	321	2017/1/24 22:59:53	3401 MARIPOSA AVENUE
2017-009202	11	321	2017/1/24 23:10:02	7501 GRAPEWOOD LANE
2017-009203	1	550	2017/1/24 23:18:40	RESIDENTIAL ROAD
2017-009204	11	321	2017/1/24 23:18:44	2501 SOUTHEAST RHONE STREET
2017-009205	11	321	2017/1/24 23:24:38	5501 ALDER STREET
2017-009206	10	311	2017/1/24 23:35:46	5301 LONGSTRETH PLACE
2017-009207	11	321	2017/1/24 23:36:03	UNKNOWN ADDRESS
2017-009208	11	321	2017/1/24 23:37:10	3001 4TH AVENUE SOUTH
2017-009209	10	311	2017/1/24 23:43:45	1102 NORTHEAST JONES ROAD
2017-009210	1	324	2017/1/24 23:45:04	NORTHWEST WALNUT BOULEVARD
2017-009211	10	311	2017/1/24 23:47:21	888 SOUTH KING STREET
2017-009212	1	622	2017/1/24 23:49:23	13TH AVENUE SOUTHEAST/16TH STREET SOUTHEAST
2017-009213	10	311	2017/1/24 23:49:55	3401 STORGATEN
2017-009214	1	611	2017/1/25 0:09:16	4701 BENTHAVEN PLACE
2017-009215	1	353	2017/1/25 0:12:42	1926 NORTHEAST 40TH AVENUE
2017-009216	11	321	2017/1/25 0:17:56	1101 KAMOKU STREET
2017-009217	1	551	2017/1/25 0:18:04	6501 SOUTHEAST MAIN STREET
2017-009218	11	321	2017/1/25 0:19:44	9701 NORTHEAST SACRAMENTO STREET
2017-009219	1	552	2017/1/25 0:23:08	212 SOUTHEAST 12TH AVENUE
2017-009220	11	321	2017/1/25 0:24:28	1001 NORTH GRAND STREET
2017-009221	11	321	2017/1/25 0:25:59	5304 WAIMANU STREET
2017-009222	1	735	2017/1/25 0:27:26	9501 NORTHEAST MULTNOMAH STREET
2017-009223	10	300	2017/1/25 0:28:05	UNKNOWN ADDRESS
2017-009224	1	745	2017/1/25 0:40:10	2401 EAST BROADWAY
2017-009225	11	321	2017/1/25 0:42:57	888 SOUTH KING STREET
2017-009226	10	311	2017/1/25 0:45:05	6040 SOUTHEAST BELMONT STREET
2017-009227	1	730	2017/1/25 0:51:30	5501 SOUTHEAST LADD AVENUE
2017-009228	11	321	2017/1/25 1:01:13	5401 ALGAROBA STREET
2017-009229	10	300	2017/1/25 1:05:06	4101 ALA MOANA BOULEVARD
2017-009230	10	311	2017/1/25 1:06:10	5401 NORTHEAST GLISAN STREET
2017-009231	1	324	2017/1/25 1:06:35	SERVICE ROAD
2017-009232	11	321	2017/1/25 1:07:46	4224 SOUTHEAST 65TH AVENUE
2017-009233	10	311	2017/1/25 1:10:15	2301 TERJE L√É¬∏V√É¬•S VEI
2017-009234	11	321	2017/1/25 1:10:43	16TH STREET
2017-009235	11	321	2017/1/25 1:12:08	1601 LANA LANE
2017-009236	1	611	2017/1/25 1:12:23	1045 NORTHEAST 3RD STREET
2017-009237	1	500	2017/1/25 1:16:50	UNKNOWN ADDRESS
2017-009238	1	611	2017/1/25 1:19:05	2301 BIODDGATEN
2017-009239	10	300	2017/1/25 1:23:53	2701 SOUTHWEST MOUNT CEDAR DRIVE
2017-009240	1	700	2017/1/25 1:28:51	1408 NORTHWEST JUNIPER STREET
2017-009241	10	311	2017/1/25 1:39:01	8401 NORTHEAST 92ND AVENUE
2017-009242	1	743	2017/1/25 1:39:47	1233 NORTHEAST 3RD STREET
2017-009243	10	311	2017/1/25 1:43:40	5832 SOUTHEAST FOSTER ROAD
2017-009244	11	321	2017/1/25 1:54:06	5802 NORTH STREET
2017-009245	11	321	2017/1/25 2:07:09	4601 HIGHWOOD DRIVE SOUTHWEST
2017-009246	10	311	2017/1/25 2:15:14	8501 MAKALOA STREET
2017-009247	1	324	2017/1/25 2:23:28	SOUTHEAST RHINE STREET/SOUTHEAST 14TH AVENUE
2017-009248	1	324	2017/1/25 2:25:10	CENTRAL AVENUE NORTH
2017-009249	1	622	2017/1/25 2:27:13	6401 BENTHAVEN PLACE
2017-009250	10	300	2017/1/25 2:29:12	8401 SOUTHEAST MAIN STREET
2017-009251	1	622	2017/1/25 2:31:31	30TH STREET
2017-009252	1	131	2017/1/25 2:35:01	MOTORWAY_LINK ROAD
2017-009253	11	321	2017/1/25 3:11:29	1300 ROOM 6B NORTHEAST 16TH AVENUE
2017-009254	11	321	2017/1/25 3:29:38	3301 MOUNT DEFIANCE CIRCLE SOUTHWEST
2017-009255	10	311	2017/1/25 3:32:22	1202 MADISON STREET
2017-009256	1	732	2017/1/25 3:33:38	6205 SOUTHEAST POWELL BOULEVARD
2017-009257	1	322	2017/1/25 3:36:02	3901 AGATE STREET
2017-009258	1	611	2017/1/25 3:44:19	3724 SOUTHEAST 40TH AVENUE
2017-009259	11	321	2017/1/25 4:22:12	6148 SOUTHEAST HOLGATE BOULEVARD
2017-009260	10	300	2017/1/25 4:22:34	SOUTHEAST BROOKLYN STREET/SOUTHEAST 17TH AVENUE
2017-009261	10	311	2017/1/25 4:25:29	2201 EAST 13TH AVENUE
2017-009262	1010	321	2017/1/25 4:25:30	6205 SOUTHEAST POWELL BOULEVARD
2017-009263	1	118	2017/1/25 4:27:49	9101 KAAHUMANU AVENUE
2017-009264	1	324	2017/1/25 4:34:26	HANA HIGHWAY
2017-009265	1	324	2017/1/25 4:42:43	NORTHEAST 61ST AVENUE
2017-009266	10	300	2017/1/25 4:44:16	UNKNOWN ADDRESS
2017-009267	10	311	2017/1/25 4:45:20	701 SOUTHEAST 7TH AVENUE
2017-009268	11	321	2017/1/25 4:56:28	7901 NORTHEAST IRVING STREET
2017-009269	11	321	2017/1/25 4:57:36	9401 CAROWAY BOULEVARD
2017-009270	10	311	2017/1/25 5:07:56	9702 HAVENS CORNERS ROAD
2017-009271	11	321	2017/1/25 5:19:25	3170 NORTH ATLANTIC AVENUE
2017-009272	11	321	2017/1/25 5:50:46	3155 EAST BURNSIDE STREET
2017-009273	1000	551	2017/1/25 5:57:33	SOUTHEAST YAMHILL STREET/SOUTHEAST 20TH AVENUE
2017-009274	1	611	2017/1/25 6:06:25	510 8TH AVENUE NORTHEAST
2017-009275	1	324	2017/1/25 6:14:21	SIOUX DRIVE
2017-009276	11	321	2017/1/25 6:28:48	401 NORTHEAST THOMPSON STREET
2017-009277	1	600	2017/1/25 6:33:49	28 SOUTHEAST 28TH AVENUE
2017-009278	11	321	2017/1/25 6:40:49	8301 MEADOW GREEN CIRCLE
2017-009279	10	300	2017/1/25 6:49:51	888 SOUTH KING STREET
2017-009280	1	324	2017/1/25 6:51:25	CLUBHOUSE DRIVE NORTHEAST
2017-009281	1	324	2017/1/25 6:55:55	G STREET/SOUTH 4TH STREET
2017-009282	11	321	2017/1/25 7:03:23	7001 SOUTHEAST BELMONT STREET
2017-009283	1	611	2017/1/25 7:03:38	STADIUM DRIVE NORTH
2017-009284	1	554	2017/1/25 7:05:20	801 NORTHEAST 11TH STREET
2017-009285	11	321	2017/1/25 7:06:41	1001 BRIDGER TRAIL
2017-009286	1	551	2017/1/25 7:08:07	UNKNOWN ADDRESS
2017-009287	11	321	2017/1/25 7:17:15	6801 I STREET
2017-009288	1	600	2017/1/25 7:20:33	2301 SOUTHEAST POWELL BOULEVARD
2017-009289	11	321	2017/1/25 7:21:30	9802 NORTHEAST SANDY BOULEVARD
2017-009290	11	321	2017/1/25 7:22:08	1585 KAPIOLANI BLVD
2017-009291	1	324	2017/1/25 7:29:28	RESIDENTIAL ROAD
2017-009292	1	700	2017/1/25 7:41:23	9601 SOUTHEAST WASHINGTON STREET
2017-009293	10	311	2017/1/25 7:44:07	912 SOUTHEAST HAWTHORNE BOULEVARD
2017-009294	11	321	2017/1/25 7:44:13	101 10TH STREET NW
2017-009295	11	321	2017/1/25 7:52:05	738 EAST BURNSIDE STREET
2017-009296	1	324	2017/1/25 7:55:11	OFFICER CHRIS KILCULLEN MEMORIAL HIGHWAY/GREENBRIAR BOULEVARD
2017-009297	1	600	2017/1/25 8:07:48	101 WEST 5TH AVENUE
2017-009298	1	324	2017/1/25 8:10:22	NORTHEAST COUCH STREET/NORTHEAST 8TH AVENUE
2017-009299	10	300	2017/1/25 8:11:00	8801 SOUTH 3RD STREET
2017-009300	1	322	2017/1/25 8:13:24	NORTHEAST BROADWAY/NORTHEAST 42ND AVENUE
2017-009301	1	745	2017/1/25 8:20:58	7030 SOUTHEAST HOLGATE BOULEVARD
2017-009302	10	311	2017/1/25 8:21:22	701 WEST COCOA BEACH CAUSEWAY
2017-009303	1	611	2017/1/25 8:27:09	7001 COLLEGE AVENUE
2017-009304	1000	741	2017/1/25 8:29:53	4225 NORTHEAST SANDY BOULEVARD
2017-009305	1	730	2017/1/25 8:34:04	1110 SOUTHEAST POWELL BOULEVARD
2017-009306	11	321	2017/1/25 8:38:45	9901 EAST COLUMBIA LANE
2017-009307	10	311	2017/1/25 8:43:48	3040 SOUTHEAST DIVISION STREET
2017-009308	11	321	2017/1/25 8:53:49	5222 SOUTHEAST WOODSTOCK BOULEVARD
2017-009309	1	324	2017/1/25 8:55:36	12TH AVENUE NORTHWEST
2017-009310	1	324	2017/1/25 8:58:50	221ST PLACE SOUTHEAST
2017-009311	11	321	2017/1/25 9:00:13	2918 SOUTHEAST MAIN STREET
2017-009312	11	321	2017/1/25 9:02:58	5832 SOUTHEAST STEELE STREET
2017-009313	1	520	2017/1/25 9:11:15	320 SOUTHWEST CENTURY DRIVE
2017-009314	1	412	2017/1/25 9:17:50	2400 NORTHEAST HOLLADAY STREET
2017-009315	10	311	2017/1/25 9:19:06	GROOSEVEIEN
2017-009316	1	611	2017/1/25 9:21:11	2801 NORTHWEST PORTLAND AVENUE
2017-009317	1	743	2017/1/25 9:23:39	9701 SOUTHEAST 28TH AVENUE
2017-009318	1	671	2017/1/25 9:26:07	5TH AVENUE SOUTHEAST/9TH STREET SOUTHEAST
2017-009319	1	411	2017/1/25 9:26:18	SOUTHEAST LADD AVENUE
2017-009320	11	321	2017/1/25 9:30:48	2101 SOUTHWEST SIMPSON AVENUE
2017-009321	11	321	2017/1/25 9:34:39	8301 SOUTHEAST 32ND AVENUE
2017-009322	1	531	2017/1/25 9:40:10	2101 SOUTHWEST SIMPSON AVENUE
2017-009323	11	321	2017/1/25 9:42:48	UNKNOWN ADDRESS
2017-009324	11	321	2017/1/25 9:47:17	7801 ARAPAHOE AVENUE
2017-009325	1	735	2017/1/25 9:57:42	8802 LILLESANDSVEIEN
2017-009326	1	611	2017/1/25 9:57:59	UNKNOWN ADDRESS
2017-009327	1	324	2017/1/25 10:07:02	LIHOLIHO STREET
2017-009328	1	324	2017/1/25 10:09:12	SOUTHEAST 54TH AVENUE/SOUTHEAST REEDWAY STREET
2017-009329	11	321	2017/1/25 10:12:33	202 2ND ST NW
2017-009330	1	611	2017/1/25 10:17:23	5201 SOUTHEAST MALL STREET
2017-009331	11	321	2017/1/25 10:19:37	1701 WILLAMETTE STREET
2017-009332	11	321	2017/1/25 10:39:07	1450 ALA MOANA BOULEVARD
2017-009333	1	611	2017/1/25 10:42:05	5501 SOUTHWEST 3RD STREET
2017-009334	11	321	2017/1/25 10:44:03	NORTHEAST QUIMBY AVENUE/NORTHEAST 6TH STREET
2017-009335	11	321	2017/1/25 10:44:44	5501 HARRIS STREET
2017-009336	10	300	2017/1/25 10:44:53	2480 BASELINE ROAD
2017-009337	1	131	2017/1/25 10:47:02	1611 SOUTHEAST BELMONT STREET
2017-009338	1	324	2017/1/25 10:48:35	SEAVIEW AVENUE
2017-009339	11	321	2017/1/25 10:56:20	WEST 6TH AVENUE
2017-009340	1	622	2017/1/25 10:56:50	7202 6TH STREET NORTHEAST
2017-009341	11	321	2017/1/25 11:07:58	3001 NORTH MAIN STREET
2017-009342	11	321	2017/1/25 11:09:44	UNKNOWN ADDRESS
2017-009343	10	311	2017/1/25 11:11:35	2801 YOUNG STREET
2017-009344	1	740	2017/1/25 11:13:19	7501 NUKUWAI PLACE
2017-009345	1	661	2017/1/25 11:13:23	710 SOUTHEAST 6TH AVENUE
2017-009346	1	531	2017/1/25 11:13:45	5545 NORTHEAST CLACKAMAS STREET
2017-009347	11	321	2017/1/25 11:27:02	SOUTHEAST WOODSTOCK BOULEVARD
2017-009348	11	321	2017/1/25 11:27:20	2610 PEARL STREET
2017-009349	1	400	2017/1/25 11:30:23	9801 NORTH 1ST STREET
2017-009350	1	324	2017/1/25 11:34:46	NORTHEAST IRVING STREET
2017-009351	1	324	2017/1/25 11:36:07	SERVICE ROAD
2017-009352	10	311	2017/1/25 11:36:31	1601 SOUTHEAST BELMONT STREET
2017-009353	1	463	2017/1/25 11:37:42	888 SOUTH KING STREET
2017-009354	11	321	2017/1/25 11:40:31	1915 NORTHEAST 33RD AVENUE
2017-009355	10	300	2017/1/25 11:40:41	3401 WEST MAIN STREET
2017-009356	1	531	2017/1/25 11:41:38	5201 SOUTH 8TH STREET
2017-009357	1000	400	2017/1/25 11:42:33	4901 NORTHEAST SANDY BOULEVARD
2017-009358	1	622	2017/1/25 11:51:33	UNKNOWN ADDRESS
2017-009359	11	321	2017/1/25 11:53:38	4601 RENTON ISSAQUAH ROAD SOUTHEAST
2017-009360	11	321	2017/1/25 12:00:30	4501 FRANKLIN BOULEVARD
2017-009361	11	321	2017/1/25 12:02:05	5501 WALNUT STREET
2017-009362	10	300	2017/1/25 12:02:17	MOTORWAY_LINK ROAD
2017-009363	11	321	2017/1/25 12:02:19	SOUTHEAST DIVISION STREET
2017-009364	1	611	2017/1/25 12:02:29	2902 KAAHUMANU AVENUE
2017-009365	10	311	2017/1/25 12:02:46	9501 EAST SUNSET WAY
2017-009366	11	321	2017/1/25 12:04:53	10002 NORTHEAST 29TH AVENUE
2017-009367	1	520	2017/1/25 12:09:09	5701 SOUTHWEST ENGLEWOOD AVENUE
2017-009368	10	300	2017/1/25 12:09:33	4502 22ND STREET
2017-009369	11	321	2017/1/25 12:12:24	1701 16TH AVENUE NORTHEAST
2017-009370	1	600	2017/1/25 12:12:59	351 NORTHEAST 2ND STREET
2017-009371	1	551	2017/1/25 12:14:39	1045 NORTHEAST 3RD STREET
2017-009372	11	321	2017/1/25 12:16:25	8350 SOUTHEAST DIVISION STREET
2017-009373	1	324	2017/1/25 12:17:15	GATEWAY DRIVE NORTHEAST
2017-009374	1	531	2017/1/25 12:17:59	5901 SOUTHWEST 26TH STREET
2017-009375	11	321	2017/1/25 12:22:58	3901 BEAR MOUNTAIN DRIVE
2017-009376	1	551	2017/1/25 12:23:00	5802 NORTH STREET
2017-009377	10	311	2017/1/25 12:28:11	201 KENT STREET
2017-009378	1	500	2017/1/25 12:29:21	5301 NORTHEAST REVERE AVENUE
 JUNIOR BOULEVARD"	0	440	2017/1/25 12:42:49	"210 SOUTHEAST MARTIN LUTHER KING
2017-009380	1	324	2017/1/25 12:46:02	SOUTHEAST RHONE STREET/SOUTHEAST 54TH AVENUE
2017-009381	1	324	2017/1/25 12:50:08	MOTORWAY ROAD
2017-009382	11	321	2017/1/25 12:51:57	1501 6TH STREET SOUTHWEST
2017-009383	1	324	2017/1/25 12:53:29	SERVICE ROAD
2017-009384	11	321	2017/1/25 12:54:42	5901 GREFSTADHEIA
2017-009385	1	611	2017/1/25 13:05:03	3817 SOUTHEAST CENTER STREET
2017-009386	1	251	2017/1/25 13:05:21	9201 NORTH ASH STREET
2017-009387	11	321	2017/1/25 13:07:22	546 NORTHEAST 12TH AVENUE
2017-009388	11	321	2017/1/25 13:07:29	SERVICE ROAD
2017-009389	10	300	2017/1/25 13:10:33	5201 ASHLEY COURT
2017-009390	11	321	2017/1/25 13:12:27	6201 LEHIGH STREET
2017-009391	11	321	2017/1/25 13:18:28	SERVICE ROAD
2017-009392	10	311	2017/1/25 13:18:59	108 NORTHWEST SISEMORE STREET
2017-009393	1	322	2017/1/25 13:23:03	1401 NORTHWEST NEWPORT HILLS
2017-009394	10	311	2017/1/25 13:23:26	4601 WILDWOOD ROAD
2017-009395	11	321	2017/1/25 13:23:37	7401 LONGMONT DIAGONAL HIGHWAY
2017-009396	11	321	2017/1/25 13:28:05	11TH AVENUE NORTHWEST
2017-009397	1	740	2017/1/25 13:31:16	2201 SOUTHEAST POWELL BOULEVARD
2017-009398	1	142	2017/1/25 13:35:54	BASELINE ROAD
2017-009399	1	324	2017/1/25 13:41:22	NORTHEAST DAVIS STREET/NORTHEAST LADDINGTON COURT
2017-009400	11	321	2017/1/25 13:46:00	SERVICE ROAD
2017-009401	10	311	2017/1/25 13:56:30	3801 NORTHEAST LAFAYETTE AVENUE
2017-009402	1	324	2017/1/25 13:56:51	NORTHEAST 38TH AVENUE/NORTHEAST KLICKITAT STREET
2017-009403	1	735	2017/1/25 13:57:32	9601 NORTHEAST 28TH AVENUE
2017-009404	1	611	2017/1/25 14:02:29	9801 NORTHEAST SCHUYLER STREET
2017-009405	1	600	2017/1/25 14:03:54	116 SOUTHEAST YAMHILL STREET
2017-009406	11	321	2017/1/25 14:12:23	SOUTHEAST 29TH AVENUE
2017-009407	11	321	2017/1/25 14:14:01	FAIRMOUNT BOULEVARD/FLORAL HILL DRIVE
2017-009408	11	321	2017/1/25 14:25:45	9601 NORTHEAST 28TH AVENUE
2017-009409	1	511	2017/1/25 14:28:22	BIRCH LANE
2017-009410	1	324	2017/1/25 14:28:44	ATHENS STREET/18TH STREET
2017-009411	11	321	2017/1/25 14:28:45	4301 NORTHWEST COLLEGE WAY
2017-009412	1	322	2017/1/25 14:30:43	SERVICE ROAD
2017-009413	1	700	2017/1/25 14:34:50	790 BLAIR BOULEVARD
2017-009414	10	311	2017/1/25 14:36:23	MOTORWAY ROAD
2017-009415	1	611	2017/1/25 14:37:33	6190 EAST LAKE SAMMAMISH PARKWAY SOUTHEAST
2017-009416	11	321	2017/1/25 14:39:03	15 NORTHEAST 18TH AVENUE
2017-009417	1	324	2017/1/25 14:39:09	KONA STREET
2017-009418	11	321	2017/1/25 14:41:57	145 SOUTHEAST 82ND AVENUE
2017-009419	1	500	2017/1/25 14:42:58	6501 SOUTHEAST MAIN STREET
2017-009420	1	700	2017/1/25 14:43:14	7101 SOUTHEAST BROOKLYN STREET
2017-009421	1	324	2017/1/25 14:43:44	FRONT STREET NORTH
2017-009422	11	321	2017/1/25 14:45:06	8401 SYCAMORE WOODS LANE
2017-009423	1	324	2017/1/25 14:48:39	14TH STREET/DELLWOOD AVENUE
2017-009424	11	321	2017/1/25 15:07:57	901 BASELINE ROAD
2017-009425	11	321	2017/1/25 15:08:50	UNKNOWN ADDRESS
2017-009426	1	622	2017/1/25 15:11:05	9601 SOUTHEAST TAYLOR STREET
2017-009427	1	740	2017/1/25 15:14:34	2201 WALNUT HOLLOW LANE
2017-009428	1	745	2017/1/25 15:14:39	2501 KALMIA AVENUE
2017-009429	1	324	2017/1/25 15:25:49	NORTHWEST COLORADO AVENUE
2017-009430	11	321	2017/1/25 15:28:10	510 8TH AVENUE NORTHEAST
2017-009431	1	700	2017/1/25 15:32:44	6301 EAST 13TH AVENUE
2017-009432	1	324	2017/1/25 15:37:42	KAPIOLANI BOULEVARD/KAAHA STREET
2017-009433	1	324	2017/1/25 15:41:52	SOUTHEAST 89TH AVENUE
2017-009434	11	321	2017/1/25 15:44:01	6801 BROADWAY
2017-009435	11	321	2017/1/25 15:45:04	UNKNOWN ADDRESS
2017-009436	1	324	2017/1/25 15:47:10	DARLEY AVENUE
2017-009437	1	324	2017/1/25 15:47:21	SERVICE ROAD
2017-009438	1	531	2017/1/25 15:48:24	3188 NORTH HIGHWAY 97
2017-009439	10	311	2017/1/25 15:51:34	SERVICE ROAD
2017-009440	1	324	2017/1/25 15:53:30	INTERSTATE H-1
2017-009441	11	321	2017/1/25 15:56:17	7801 FRANKLIN DRIVE
2017-009442	11	321	2017/1/25 15:58:56	9801 SOUTHEAST POWELL BOULEVARD FRONTAGE ROAD
2017-009443	1	622	2017/1/25 16:00:36	2601 CANYON BOULEVARD
2017-009444	11	321	2017/1/25 16:08:23	3400 SOUTHEAST 26TH AVENUE
2017-009445	1	600	2017/1/25 16:11:24	2505 SOUTHEAST 11TH AVENUE
2017-009446	1	324	2017/1/25 16:12:40	NORTHEAST ROYAL COURT/NORTHEAST 43RD AVENUE
2017-009447	11	321	2017/1/25 16:14:25	INNERSTATE 0
2017-009448	11	321	2017/1/25 16:16:21	208-220 CENTERTOWN PLAZA
2017-009449	11	321	2017/1/25 16:16:25	4655 HANOVER AVENUE
2017-009450	11	321	2017/1/25 16:18:20	1501 KITTSON AVENUE
2017-009451	1	551	2017/1/25 16:25:22	1201 ANDALUS DRIVE
2017-009452	1	324	2017/1/25 16:26:11	SOUTHEAST 74TH AVENUE/SOUTHEAST WASHINGTON STREET
2017-009453	11	321	2017/1/25 16:27:38	401 SOUTHEAST 40TH AVENUE
2017-009454	11	321	2017/1/25 16:29:50	UNKNOWN ADDRESS
2017-009455	11	321	2017/1/25 16:29:57	3035 SOUTHEAST DIVISION STREET
2017-009456	11	321	2017/1/25 16:31:38	150 SOUTH 4TH STREET
2017-009457	10	311	2017/1/25 16:32:59	349 OLDE RIDENOUR ROAD
2017-009458	1	324	2017/1/25 16:35:55	COBURG ROAD/OLD CANNERY CONNECTOR
2017-009459	11	321	2017/1/25 16:36:35	1801 EAST 18TH AVENUE
2017-009460	11	321	2017/1/25 16:37:05	3148 SOUTHEAST SALMON STREET
2017-009461	10	300	2017/1/25 16:38:31	8001 SOUTHWEST PHILOMATH BOULEVARD
2017-009462	10	311	2017/1/25 16:44:11	4016 SOUTHEAST BOISE STREET
2017-009463	1	463	2017/1/25 16:48:43	3445 NORTHEAST BROADWAY
2017-009464	1	324	2017/1/25 16:51:55	STORGATEN/PHAROS VEI
2017-009465	1	622	2017/1/25 16:56:20	CANAVERAL BOULEVARD/CHANDLER STREET
2017-009466	1	324	2017/1/25 16:58:27	AURORA AVENUE
2017-009467	1	331	2017/1/25 16:59:17	5701 SOUTH KING STREET
2017-009468	1	622	2017/1/25 17:00:28	SERVICE ROAD
2017-009469	1	554	2017/1/25 17:02:54	2201 SOUTHEAST 11TH AVENUE
2017-009470	1	324	2017/1/25 17:02:54	SOUTHEAST POWELL BOULEVARD
2017-009471	1000	151	2017/1/25 17:05:35	4802 ELM AVENUE
2017-009472	1	324	2017/1/25 17:06:18	GILLASPIE DRIVE/GRINNELL AVENUE
2017-009473	1	324	2017/1/25 17:07:28	7733 SOUTHEAST RAYMOND STREET
2017-009474	1010	321	2017/1/25 17:08:42	7801 T. H. BANFIELD FREEWAY
2017-009475	1	730	2017/1/25 17:09:14	7101 4TH STREET NORTHEAST
2017-009476	1	324	2017/1/25 17:12:35	SOUTHEAST SCHILLER STREET/SOUTHEAST 75TH AVENUE
2017-009477	10	311	2017/1/25 17:15:01	221 MAHALANI STREET
2017-009478	1	622	2017/1/25 17:17:56	9501 SOUTHEAST STARK STREET
2017-009479	1	621	2017/1/25 17:22:14	SERVICE ROAD
2017-009480	11	321	2017/1/25 17:24:22	724 EAST BURNSIDE STREET
2017-009481	1	611	2017/1/25 17:24:52	3109 SOUTHEAST 31ST AVENUE
2017-009482	1	622	2017/1/25 17:26:16	SOUTHEAST 41ST AVENUE/SOUTHEAST SHERMAN STREET
2017-009483	10	311	2017/1/25 17:28:18	5901 GREFSTADHEIA
2017-009484	11	321	2017/1/25 17:34:43	3155 EAST BURNSIDE STREET
2017-009485	1	324	2017/1/25 17:42:11	7801 NORTH 5TH STREET
2017-009486	1	324	2017/1/25 17:48:07	SOUTHEAST ASH STREET/SOUTHEAST 20TH AVENUE
2017-009487	10	311	2017/1/25 17:48:43	4301 CHARNELTON STREET
2017-009488	10	311	2017/1/25 17:52:36	1502 SOUTHEAST HARRISON STREET
2017-009489	10	300	2017/1/25 17:53:59	SERVICE ROAD
2017-009490	1	700	2017/1/25 17:55:16	3001 KINCAID ST.
2017-009491	10	311	2017/1/25 17:57:15	UNKNOWN ADDRESS
2017-009492	1	324	2017/1/25 17:57:30	STRANDFJORDEN
2017-009493	10	311	2017/1/25 17:57:41	HAMILTON COURT/OLD MILL DRIVE
2017-009494	1	622	2017/1/25 17:57:48	7701 NORTHEAST MULTNOMAH STREET
2017-009495	1	600	2017/1/25 17:59:14	3701 SOUTHEAST DIVISION STREET
2017-009496	1	552	2017/1/25 18:00:47	6801 I STREET
2017-009497	1	324	2017/1/25 18:00:59	SOUTHEAST LAVENDER STREET
2017-009498	10	300	2017/1/25 18:07:15	UNKNOWN ADDRESS
2017-009499	1	324	2017/1/25 18:10:26	55TH STREET
2017-009500	1	324	2017/1/25 18:11:51	SERVICE ROAD
2017-009501	1	411	2017/1/25 18:12:09	7401 REDSTONE ROAD
2017-009502	1	324	2017/1/25 18:19:20	BOWLING GREEN PLACE/DENISON AVENUE
2017-009503	1	745	2017/1/25 18:19:30	UNKNOWN ADDRESS
2017-009504	1	745	2017/1/25 18:23:41	7601 ASTRONAUT BOULEVARD
2017-009505	1	113	2017/1/25 18:24:20	801 SOUTHEAST INSLEY STREET
2017-009506	1	324	2017/1/25 18:27:31	EAST BURNSIDE STREET
2017-009507	11	321	2017/1/25 18:40:12	1950 COLORADO AVENUE
2017-009508	1	324	2017/1/25 18:42:00	SOUTHEAST GRAND AVENUE
2017-009509	1	600	2017/1/25 18:42:27	5401 ALGAROBA STREET
2017-009510	11	321	2017/1/25 18:42:57	349 OLDE RIDENOUR ROAD
2017-009511	1000	140	2017/1/25 18:48:46	5302 WAIMANU STREET
2017-009512	1	600	2017/1/25 18:54:20	UNKNOWN ADDRESS
2017-009513	10	311	2017/1/25 18:55:15	5429 SOUTHEAST FRANCIS STREET
2017-009514	1	324	2017/1/25 18:55:41	PRIMARY ROAD
2017-009515	1	324	2017/1/25 18:58:23	STANFORD AVENUE
2017-009516	1	621	2017/1/25 18:59:26	6901 WILDWOOD LANE
2017-009517	1	715	2017/1/25 19:01:30	28TH STREET
2017-009518	11	321	2017/1/25 19:06:57	301 SOUTHEAST 46TH AVENUE
2017-009519	1	600	2017/1/25 19:07:34	401 SOUTHEAST RHINE STREET
2017-009520	11	321	2017/1/25 19:08:54	9601 NORTHEAST 28TH AVENUE
2017-009521	11	321	2017/1/25 19:11:02	8601 UNIVERSITY AVENUE
2017-009522	10	311	2017/1/25 19:13:05	UNKNOWN ADDRESS
2017-009523	11	321	2017/1/25 19:16:35	19 NORTHWEST GREENWOOD AVENUE
2017-009524	1	324	2017/1/25 19:23:40	EAST 10TH AVENUE
2017-009525	1	600	2017/1/25 19:26:21	UNKNOWN ADDRESS
2017-009526	1	710	2017/1/25 19:27:15	307 SOUTHEAST 32ND AVENUE
2017-009527	1	324	2017/1/25 19:27:33	RESIDENTIAL ROAD
2017-009528	1	324	2017/1/25 19:41:50	NORTHEAST C√©SAR E. CH√°VEZ BOULEVARD/NORTHEAST WISTARIA DRIVE
2017-009529	10	300	2017/1/25 19:43:37	3101 KEOLANI PLACE
2017-009530	10	311	2017/1/25 19:44:49	201 SOUTHEAST LAFAYETTE STREET
2017-009531	1	322	2017/1/25 19:46:09	NORTHEAST 3RD STREET
2017-009532	11	321	2017/1/25 19:49:00	7601 FRONT STREET NORTH
2017-009533	10	311	2017/1/25 19:51:33	UNKNOWN ADDRESS
2017-009534	11	321	2017/1/25 19:52:34	1045 NORTHEAST 3RD STREET
2017-009535	11	321	2017/1/25 19:53:03	3201 SOUTHEAST RAYMOND STREET
2017-009536	11	321	2017/1/25 19:54:42	2901 FAIRMOUNT BOULEVARD
2017-009537	11	321	2017/1/25 19:55:46	6030 SOUTHEAST DIVISION STREET
2017-009538	10	300	2017/1/25 19:55:55	1776 UNIVERSITY AVENUE
2017-009539	1	730	2017/1/25 20:03:37	1255 HILYARD
2017-009540	10	311	2017/1/25 20:04:22	6031 SOUTHEAST BELMONT STREET
2017-009541	1	700	2017/1/25 20:07:53	4701 FLAT ROCK ROAD
2017-009542	11	321	2017/1/25 20:07:57	607 SOUTHEAST 17TH AVENUE
2017-009543	1	444	2017/1/25 20:09:41	UNKNOWN ADDRESS
2017-009544	11	321	2017/1/25 20:14:27	PRINCE OF WALES DRIVE/IMPERIAL DRIVE
2017-009545	1	324	2017/1/25 20:14:40	ISSAQUAH TRANSIT CENTER
2017-009546	10	311	2017/1/25 20:17:27	8101 YOUNG STREET
2017-009547	1	324	2017/1/25 20:22:13	5701 NORTHWEST DRAKE ROAD
2017-009548	1	600	2017/1/25 20:24:23	6702 NORTH 3RD STREET
2017-009549	11	321	2017/1/25 20:29:02	4800 BASELINE ROAD
2017-009550	11	321	2017/1/25 20:29:08	6801 SOUTHWEST ROSEBERRY STREET
2017-009551	11	321	2017/1/25 20:32:04	1115 YOUNG STREET
2017-009552	1	600	2017/1/25 20:39:13	3610 SOUTHEAST HARRISON STREET
2017-009553	1000	622	2017/1/25 20:39:53	501 NORTHWEST HILL STREET
2017-009554	10	311	2017/1/25 20:40:01	9201 DAIRY ROAD
2017-009555	11	321	2017/1/25 20:43:17	9601 NORTHEAST 28TH AVENUE
2017-009556	10	311	2017/1/25 20:43:36	10001 NORTHWEST TEAL PLACE
2017-009557	1010	321	2017/1/25 20:50:33	2417 SOUTHEAST HAWTHORNE BOULEVARD
2017-009558	11	321	2017/1/25 20:52:29	1501 MEADE AVENUE
2017-009559	1	324	2017/1/25 20:55:47	SOUTHEAST MARTIN LUTHER KING JUNIOR BOULEVARD
2017-009560	11	321	2017/1/25 20:59:48	2802 SOUTHEAST 28TH PLACE
2017-009561	1	324	2017/1/25 21:03:09	EAST 11TH AVENUE/PATTERSON ALLEY
2017-009562	11	321	2017/1/25 21:04:35	6401 SOUTHEAST HOLGATE BOULEVARD
2017-009563	10	311	2017/1/25 21:04:59	9701 NORTHWEST JUNIPER STREET
2017-009564	11	321	2017/1/25 21:05:10	1575 FOLSOM STREET
2017-009565	1	740	2017/1/25 21:08:21	3601 SOUTHEAST 21ST AVENUE
2017-009566	1	324	2017/1/25 21:10:10	SERVICE ROAD
2017-009567	1000	736	2017/1/25 21:12:28	6701 SOUTHEAST WASHINGTON STREET
2017-009568	11	321	2017/1/25 21:12:58	FOOTHILLS PARKWAY
2017-009569	1	611	2017/1/25 21:18:11	330 SOUTHEAST 6TH AVENUE
2017-009570	1	324	2017/1/25 21:22:47	PENNSYLVANIA AVENUE/BROADWAY
2017-009571	1	440	2017/1/25 21:23:36	9601 SOUTHEAST 35TH AVENUE
2017-009572	11	321	2017/1/25 21:30:01	3119 SOUTHEAST 12TH AVENUE
2017-009573	10	311	2017/1/25 21:35:47	2400 SOUTHEAST ANKENY STREET
2017-009574	11	321	2017/1/25 21:44:03	SERVICE ROAD
2017-009575	11	321	2017/1/25 21:45:26	4800 BASELINE ROAD
2017-009576	1000	745	2017/1/25 21:47:51	1778 ALA MOANA BLVD
2017-009577	1	324	2017/1/25 21:49:48	SERVICE ROAD
2017-009578	11	321	2017/1/25 21:49:51	10001 WASHINGTON AVENUE
2017-009579	10	311	2017/1/25 21:49:57	2601 EAST 17TH AVENUE
2017-009580	1	730	2017/1/25 21:51:32	4801 VESTREGATE
2017-009581	1	622	2017/1/25 21:57:20	NORTHEAST ROSS ROAD
2017-009582	1010	321	2017/1/25 22:04:16	8101 PHAROS VEI
2017-009583	1	745	2017/1/25 22:05:06	4301 SOUTHEAST BLACK NUGGET ROAD
2017-009584	1	671	2017/1/25 22:06:01	2101 SOUTHWEST SIMPSON AVENUE
2017-009585	10	311	2017/1/25 22:06:15	1301 SOUTHEAST 36TH PLACE
2017-009586	11	321	2017/1/25 22:08:50	2935 NORTHEAST BROADWAY
2017-009587	1	744	2017/1/25 22:10:21	7001 COLLEGE AVENUE
2017-009588	11	321	2017/1/25 22:11:21	7901 NORTHEAST IRVING STREET
2017-009589	1	743	2017/1/25 22:13:59	7108 5TH AVENUE SOUTHEAST
2017-009590	1	324	2017/1/25 22:14:32	GARDEN CIRCLE NORTHWEST/7TH AVENUE NORTHWEST
2017-009591	10	311	2017/1/25 22:17:00	6902 DAIRY ROAD
2017-009592	11	321	2017/1/25 22:19:37	SOUTHWEST 49TH STREET
2017-009593	1	600	2017/1/25 22:20:05	3628 SOUTHEAST 33RD PLACE
2017-009594	1	743	2017/1/25 22:20:39	1715 PLEASANT STREET
2017-009595	1	324	2017/1/25 22:24:05	SOUTHEAST 80TH AVENUE/SOUTHEAST CORA STREET
2017-009596	1	611	2017/1/25 22:26:38	WALNUT STREET
2017-009597	11	321	2017/1/25 22:28:15	3101 KEOLANI PLACE
2017-009598	1	745	2017/1/25 22:28:57	1121 KAPIOLANI BOULEVARD
2017-009599	1	611	2017/1/25 22:31:37	KEOLANI PLACE
2017-009600	1	746	2017/1/25 22:32:17	2608 SOUTHEAST 25TH AVENUE
2017-009601	1	600	2017/1/25 22:34:01	6901 PARKSIDE DRIVE
2017-009602	1	611	2017/1/25 22:35:31	4800 BASELINE ROAD
2017-009603	11	321	2017/1/25 22:39:59	901 BASELINE ROAD
2017-009604	1	700	2017/1/25 22:45:16	7801 NORTHWEST HOLLY STREET
2017-009605	1	600	2017/1/25 22:46:57	222 EAST BLAND STREET
2017-009606	1000	411	2017/1/25 22:47:49	2801 YOUNG STREET
2017-009607	11	321	2017/1/25 22:55:23	1501 SOUTHEAST WOODWARD STREET
2017-009608	10	300	2017/1/25 22:56:43	7601 NORTHEAST COUCH STREET
2017-009609	1	733	2017/1/25 23:00:19	6303 SOUTHEAST 84TH AVENUE
2017-009610	10	311	2017/1/25 23:02:48	3701 SOUTHEAST DIVISION STREET
2017-009611	1	743	2017/1/25 23:02:58	801 WEST 7TH AVENUE
2017-009612	10	311	2017/1/25 23:05:59	3377 SOUTHEAST DIVISION STREET
2017-009613	10	311	2017/1/25 23:07:23	7702 3RD STREET SOUTHWEST
2017-009614	11	321	2017/1/25 23:15:33	8501 NORTHWEST HILLSIDE PARK DRIVE
2017-009615	11	321	2017/1/25 23:22:39	3420 SOUTHEAST CœøΩSAR E. CHœøΩVEZ BOULEVARD
2017-009616	1	552	2017/1/25 23:25:38	501 PULSIPHER AVENUE
2017-009617	11	321	2017/1/25 23:30:29	SOUTHEAST 18TH AVENUE
2017-009618	11	321	2017/1/25 23:33:17	1310 PUNAHOU STREET
2017-009619	1	730	2017/1/25 23:34:45	7701 SOUTHEAST GRANT STREET
2017-009620	1	735	2017/1/25 23:39:12	2425 KUHIO AVENUE
2017-009621	1	400	2017/1/25 23:43:54	2006 FALCON TERRACE NW
2017-009622	1	324	2017/1/25 23:45:09	NORTHEAST SANDY BOULEVARD
2017-009623	1	324	2017/1/25 23:49:55	MILL STREET/HEIL DRIVE
2017-009624	11	321	2017/1/25 23:50:22	HEIL DRIVE/LAURA DRIVE
2017-009625	1	550	2017/1/25 23:51:30	1701 SOUTHEAST 32ND AVENUE
2017-009626	1	324	2017/1/25 23:57:05	4TH STREET SOUTHEAST/MERO COURT SOUTHEAST
2017-009627	11	321	2017/1/26 0:00:58	2501 GRANDVIEW AVENUE
2017-009628	1	600	2017/1/26 0:01:23	406 22ND STREET NW
2017-009629	11	321	2017/1/26 0:03:21	4501 SOUTHWEST BADGER PLACE
2017-009630	1	744	2017/1/26 0:05:32	8435 NORTHEAST GLISAN STREET
2017-009631	1	611	2017/1/26 0:19:31	2301 SOUTHWEST 3RD STREET
2017-009632	11	321	2017/1/26 0:31:04	NORTHEAST C√©SAR E. CH√°VEZ BOULEVARD
2017-009633	1	324	2017/1/26 0:42:32	SOUTHEAST HAIG STREET
2017-009634	10	311	2017/1/26 0:42:36	2609 SOUTHEAST 6TH AVENUE
2017-009635	1	611	2017/1/26 0:43:52	4201 15TH STREET
2017-009636	1	324	2017/1/26 0:46:02	JAVA ROAD/BALI ROAD
2017-009637	1	730	2017/1/26 0:51:02	7401 REDSTONE ROAD
2017-009638	10	300	2017/1/26 0:55:44	4624 SOUTHEAST 64TH AVENUE
2017-009639	11	321	2017/1/26 1:00:07	2215 ALOHA DRIVE
2017-009640	11	321	2017/1/26 1:01:59	UNKNOWN ADDRESS
2017-009641	10	311	2017/1/26 1:02:11	4301 EAST 13TH AVENUE
2017-009642	1	622	2017/1/26 1:13:00	LUNALILO FREEWAY
2017-009643	11	321	2017/1/26 1:24:52	4201 STYGLER ROAD
2017-009644	1	611	2017/1/26 1:35:07	1901 KEOLANI PLACE
2017-009645	11	321	2017/1/26 1:35:32	2801 NICHOLL STREET WEST
2017-009646	10	311	2017/1/26 2:10:29	8001 SOUTHEAST OAK STREET
2017-009647	1	324	2017/1/26 2:12:42	SERVICE ROAD
2017-009648	1	324	2017/1/26 2:14:03	SOUTHEAST 58TH AVENUE/SOUTHEAST MALL STREET
2017-009649	10	311	2017/1/26 2:15:58	5801 NORTHEAST 45TH AVENUE
2017-009650	1	324	2017/1/26 2:18:59	NORTHEAST 22ND AVENUE/NORTHEAST GLISAN STREET
2017-009651	10	300	2017/1/26 2:22:52	3601 NORTHEAST FRANKLIN AVENUE
2017-009652	1	740	2017/1/26 2:25:30	401 SOUTHEAST RHINE STREET
2017-009653	1	323	2017/1/26 2:27:23	AIKINS WAY/CHAMBERS DRIVE
2017-009654	11	321	2017/1/26 2:27:49	7801 KAL√Ñ¬ÅKAUA AVENUE
2017-009655	1	733	2017/1/26 2:29:30	221 MAHALANI STREET
2017-009656	11	321	2017/1/26 2:40:13	1201 30TH STREET
2017-009657	1	324	2017/1/26 2:41:21	NORTH 8TH STREET/DEMERS AVENUE
2017-009658	11	321	2017/1/26 2:41:41	SOUTHEAST 82ND AVENUE
2017-009659	11	321	2017/1/26 2:45:19	UNKNOWN ADDRESS
2017-009660	11	321	2017/1/26 2:49:39	13TH STREET
2017-009661	11	321	2017/1/26 2:49:44	6601 SOUTHEAST 25TH AVENUE
2017-009662	1113	111	2017/1/26 3:00:10	5832 SOUTHEAST FOSTER ROAD
2017-009663	1	611	2017/1/26 3:08:34	2719 SOUTHEAST 21ST AVENUE
2017-009664	1	324	2017/1/26 3:17:08	SERVICE ROAD
2017-009665	10	311	2017/1/26 3:21:30	3101 KEOLANI PLACE
2017-009666	1	611	2017/1/26 3:37:12	2000 SOUTHEAST 7TH AVENUE
2017-009667	10	311	2017/1/26 3:37:31	6701 WHITNEY PLACE
2017-009668	1	611	2017/1/26 3:59:49	3930 SOUTHEAST DIVISION STREET
2017-009669	1	324	2017/1/26 4:07:50	MONSON TURNPIKE
2017-009670	1	733	2017/1/26 4:26:39	1001 SOUTHEAST 2ND PLACE
2017-009671	11	321	2017/1/26 4:27:34	2401 SOUTHEAST MITCHELL STREET
2017-009672	1	600	2017/1/26 4:38:53	901 BASELINE ROAD
2017-009673	11	321	2017/1/26 4:52:17	1001 SOUTHWEST PEAK VIEW PLACE
2017-009674	10	300	2017/1/26 4:56:20	1805 29TH STREET
2017-009675	1	611	2017/1/26 5:22:06	4000 SOUTHEAST 82ND AVENUE
2017-009676	1	323	2017/1/26 5:29:38	550 SOUTHWEST INDUSTRIAL WAY
2017-009677	1	324	2017/1/26 5:33:45	SERVICE ROAD
2017-009678	11	321	2017/1/26 5:46:59	6401 SPRUCE STREET
2017-009679	1	744	2017/1/26 5:55:48	UNKNOWN ADDRESS
2017-009680	11	321	2017/1/26 5:58:18	SOUTHEAST C√©SAR E. CH√°VEZ BOULEVARD
2017-009681	1	745	2017/1/26 6:01:44	1200 NORTHEAST BROADWAY
2017-009682	11	321	2017/1/26 6:10:04	7301 SOUTHEAST ANKENY STREET
2017-009683	11	321	2017/1/26 6:11:38	1111 SOUTHEAST SANDY BOULEVARD
2017-009684	11	321	2017/1/26 6:14:03	2018 BROADWAY
2017-009685	11	321	2017/1/26 6:27:22	NORTHEAST GREENWOOD AVENUE/NORTHEAST 8TH STREET
2017-009686	11	321	2017/1/26 6:33:24	3423 SOUTHEAST SHERMAN STREET
2017-009687	11	321	2017/1/26 7:00:41	SERVICE ROAD
2017-009688	1	324	2017/1/26 7:01:28	FRANKLIN BOULEVARD/AGATE STREET
2017-009689	11	321	2017/1/26 7:01:46	UNKNOWN ADDRESS
2017-009690	10	311	2017/1/26 7:08:07	901 BASELINE ROAD
2017-009691	11	321	2017/1/26 7:12:44	UNKNOWN ADDRESS
2017-009692	1	324	2017/1/26 7:13:13	MOTORWAY ROAD
2017-009693	1	324	2017/1/26 7:15:01	DENVER BOULDER TURNPIKE/SOUTHEAST CENTER STREET
2017-009694	1	412	2017/1/26 7:22:05	2801 MOON LEE LANE
2017-009695	1	611	2017/1/26 7:22:43	3738 NORTHEAST SANDY BOULEVARD
2017-009696	1	353	2017/1/26 7:41:59	7201 KAL√Ñ¬ÅKAUA AVENUE
2017-009697	1	324	2017/1/26 7:48:19	HILL STREET NORTHWEST
2017-009698	10	300	2017/1/26 7:50:14	LAUREL RIDGE DRIVE/AGATE STREET
2017-009699	1	324	2017/1/26 7:54:13	SUNNYSIDE LANE/COLUMBINE AVENUE
2017-009700	1	324	2017/1/26 7:56:37	NORTHWEST NEWPORT AVENUE
2017-009701	1	463	2017/1/26 8:00:06	3501 SOUTH KING STREET
2017-009702	1000	324	2017/1/26 8:01:44	MOTORWAY ROAD
2017-009703	1	324	2017/1/26 8:04:36	WAIMANU STREET
2017-009704	1000	324	2017/1/26 8:05:21	SOUTHWEST INDUSTRIAL WAY
2017-009705	1	324	2017/1/26 8:15:01	PEARL STREET MALL/PEARL STREET
2017-009706	10	311	2017/1/26 8:18:52	3701 SOUTHEAST DIVISION STREET
2017-009707	1	324	2017/1/26 8:20:56	SOUTHEAST ELLIS STREET/SOUTHEAST 48TH AVENUE
2017-009708	1	324	2017/1/26 8:22:39	SOUTHEAST HAWTHORNE BOULEVARD
2017-009709	11	321	2017/1/26 8:27:58	901 BASELINE ROAD
2017-009710	1	553	2017/1/26 8:29:14	101 SCHUMANN DRIVE NW
2017-009711	1000	600	2017/1/26 8:30:48	4801 SOUTHEAST ALDER COURT
2017-009712	1	352	2017/1/26 8:30:59	SERVICE ROAD
2017-009713	11	321	2017/1/26 8:33:07	4423 SOUTHEAST 28TH PLACE
2017-009714	1000	500	2017/1/26 8:37:31	28 SOUTHEAST 28TH AVENUE
2017-009715	11	321	2017/1/26 8:38:52	201 SOUTHEAST 12TH AVENUE
2017-009716	11	321	2017/1/26 8:39:25	6101 MILLRACE DRIVE
2017-009717	10	300	2017/1/26 8:40:19	2202 KEOLANI PLACE
2017-009718	1	531	2017/1/26 8:40:47	1023 SOUTHEAST 31ST AVENUE
2017-009719	11	321	2017/1/26 8:40:55	1701 HEIL DRIVE
2017-009720	1	745	2017/1/26 8:44:25	5701 PEARL STREET
2017-009721	10	311	2017/1/26 8:49:53	545 SOUTHWEST POWERHOUSE DRIVE
2017-009722	1	324	2017/1/26 8:53:02	NORTHWEST 14TH STREET
2017-009723	10	311	2017/1/26 8:59:17	2500 30TH STREET
2017-009724	11	321	2017/1/26 9:01:06	2501 SOUTH 2ND STREET
2017-009725	1	611	2017/1/26 9:01:33	3219 SOUTHEAST DIVISION STREET
2017-009726	11	321	2017/1/26 9:05:17	1601 G STREET
2017-009727	10	300	2017/1/26 9:10:31	SERVICE ROAD
2017-009728	1000	324	2017/1/26 9:11:13	SOUTHEAST 30TH AVENUE/SOUTHEAST GLADSTONE STREET
2017-009729	1	324	2017/1/26 9:18:14	STONEWALL PLACE
2017-009730	1	700	2017/1/26 9:24:33	1501 NORTHEAST ALAMEDA STREET
2017-009731	1	324	2017/1/26 9:29:43	HESNESVEIEN
2017-009732	1	611	2017/1/26 9:31:24	6101 HEIL DRIVE
2017-009733	1	531	2017/1/26 9:38:13	1045 NORTHEAST 3RD STREET
2017-009734	10	300	2017/1/26 9:38:57	3500 SOUTHEAST HAWTHORNE BOULEVARD
2017-009735	11	321	2017/1/26 9:43:46	6201 NORTHEAST GREELEY AVENUE
2017-009736	1	322	2017/1/26 9:45:45	8350 SOUTHEAST DIVISION STREET
2017-009737	1	324	2017/1/26 9:50:05	SERVICE ROAD
2017-009738	11	321	2017/1/26 9:52:12	3506 SOUTHEAST POWELL BOULEVARD
2017-009739	10	311	2017/1/26 10:01:34	3615 SOUTHEAST 69TH AVENUE
2017-009740	10	311	2017/1/26 10:05:55	UNKNOWN ADDRESS
2017-009741	1	324	2017/1/26 10:06:02	NORTHEAST DAVIS STREET/NORTHEAST 32ND AVENUE
2017-009742	10	311	2017/1/26 10:13:01	3101 FERRY LANE
2017-009743	11	321	2017/1/26 10:15:03	6701 KINCAID ST.
2017-009744	1	611	2017/1/26 10:16:47	SOUTHEAST 12TH AVENUE/SOUTHEAST MORRISON STREET
2017-009745	11	321	2017/1/26 10:18:51	701 WEST COCOA BEACH CAUSEWAY
2017-009746	1	324	2017/1/26 10:21:51	NEW SALEM ROAD
2017-009747	1	142	2017/1/26 10:22:04	7702 10TH STREET NORTHWEST
2017-009748	1	322	2017/1/26 10:22:12	SOUTHEAST LONG STREET/SOUTHEAST 43RD AVENUE
A NORTHEAST 42ND AVENUE"	0	300	2017/1/26 10:22:19	"1925;1925 
2017-009750	1	651	2017/1/26 10:32:34	7001 STONEGATE CIRCLE
2017-009751	11	321	2017/1/26 10:33:08	SOUTHWEST KNOLL AVENUE
2017-009752	1	600	2017/1/26 10:34:02	RESIDENTIAL ROAD
2017-009753	11	321	2017/1/26 10:34:58	3801 SEASIDE AVENUE
2017-009754	10	300	2017/1/26 10:42:50	1255 HILYARD
2017-009755	1	324	2017/1/26 10:45:40	D STREET
2017-009756	11	321	2017/1/26 10:47:56	SERVICE ROAD
2017-009757	11	321	2017/1/26 10:53:25	6401 SOUTHWEST PICKFORD STREET
2017-009758	1	322	2017/1/26 10:54:10	4401 HAVENS CORNERS ROAD
2017-009759	1	324	2017/1/26 10:54:18	SERVICE ROAD
2017-009760	1	324	2017/1/26 10:59:11	EAST WAKEA AVENUE/ALAMAHA STREET
2017-009761	11	321	2017/1/26 10:59:22	8435 NORTHEAST GLISAN STREET
2017-009762	1	324	2017/1/26 11:00:49	KENT STREET
2017-009763	1000	151	2017/1/26 11:02:08	310 WEST KAAHUMANU AVENUE
2017-009764	11	321	2017/1/26 11:02:40	715 SOUTHEAST GRAND AVENUE
2017-009765	1	611	2017/1/26 11:04:29	GOSS STREET/19TH STREET
2017-009766	1	743	2017/1/26 11:09:08	4501 FRANKLIN BOULEVARD
2017-009767	11	321	2017/1/26 11:13:58	925 ISENBERG STREET
2017-009768	11	321	2017/1/26 11:15:35	555 NORTHWEST ARIZONA AVENUE
2017-009769	11	321	2017/1/26 11:16:27	4328 SOUTHEAST 82ND AVENUE
2017-009770	11	321	2017/1/26 11:17:25	9701 BEAR CREEK ROAD
2017-009771	1000	500	2017/1/26 11:20:38	1776 UNIVERSITY AVENUE
2017-009772	11	321	2017/1/26 11:25:34	UNKNOWN ADDRESS
2017-009773	11	321	2017/1/26 11:28:14	5501 ALDER STREET
2017-009774	1	324	2017/1/26 11:28:23	SERVICE ROAD
2017-009775	11	321	2017/1/26 11:29:59	9301 SOUTHEAST MAIN STREET
2017-009776	1	600	2017/1/26 11:31:04	28TH STREET
2017-009777	10	300	2017/1/26 11:35:03	101 NORTHEAST SANDY BOULEVARD
2017-009778	10	300	2017/1/26 11:35:05	6201 4TH STREET SOUTHEAST
2017-009779	1	324	2017/1/26 11:37:42	PEARL STREET
2017-009780	1	611	2017/1/26 11:47:01	200 NORTHEAST GREENWOOD AVENUE
2017-009781	11	321	2017/1/26 11:48:44	UNKNOWN ADDRESS
2017-009782	1	322	2017/1/26 11:50:53	RESIDENTIAL ROAD
2017-009783	11	321	2017/1/26 11:50:55	501 EVERGREEN AVENUE
2017-009784	1	611	2017/1/26 12:04:02	9701 NORTHEAST WEIDLER STREET
2017-009785	1	611	2017/1/26 12:04:30	9501 SOUTHEAST GLADSTONE STREET
2017-009786	10	311	2017/1/26 12:05:11	909 ARAPAHOE AVENUE
2017-009787	1	116	2017/1/26 12:06:24	3734 SOUTHEAST DIVISION STREET
2017-009788	11	321	2017/1/26 12:16:35	4905 SOUTHEAST WOODSTOCK BOULEVARD
2017-009789	11	321	2017/1/26 12:25:57	2829 SOUTHEAST 89TH AVENUE
2017-009790	1	324	2017/1/26 12:27:51	SECONDARY ROAD
2017-009791	11	321	2017/1/26 12:31:56	8710 SOUTHEAST POWELL BOULEVARD
2017-009792	10	311	2017/1/26 12:38:04	MOTORWAY ROAD
2017-009793	11	321	2017/1/26 12:38:16	3901 HAVENS CORNERS ROAD
2017-009794	1	551	2017/1/26 12:38:28	10001 SOUTHWEST TAFT AVENUE
2017-009795	1	511	2017/1/26 12:43:36	501 NORTHWEST BOND STREET
2017-009796	10	311	2017/1/26 12:45:44	5501 WALNUT STREET
2017-009797	1	745	2017/1/26 12:48:38	5601 BELL DRIVE
2017-009798	11	321	2017/1/26 12:49:20	3903 NORTHEAST GLISAN STREET
2017-009799	11	321	2017/1/26 12:50:43	1401 SOUTHWEST RESEARCH WAY
2017-009800	1	743	2017/1/26 12:52:26	9202 GREENBRIAR BOULEVARD
2017-009801	1	324	2017/1/26 12:58:05	SOUTHEAST 68TH AVENUE/SOUTHEAST YAMHILL STREET
2017-009802	10	300	2017/1/26 12:58:38	4901 PEARL STREET
2017-009803	1000	463	2017/1/26 12:59:28	NORTHWEST ROANOKE AVENUE/NORTHWEST AWBREY ROAD
2017-009804	1	131	2017/1/26 13:00:08	NASSAU ROAD/BALI ROAD
2017-009805	10	300	2017/1/26 13:01:56	2716 SOUTHEAST 21ST AVENUE
2017-009806	1	611	2017/1/26 13:04:23	1001 SOUTHWEST PEAK VIEW PLACE
2017-009807	11	321	2017/1/26 13:04:56	MOY
2017-009808	1	323	2017/1/26 13:05:43	JAMES ROAD/CLEMSON STREET
2017-009809	11	321	2017/1/26 13:08:15	1901 19TH STREET NORTHWEST
2017-009810	10	311	2017/1/26 13:08:29	UNKNOWN ADDRESS
2017-009811	1	324	2017/1/26 13:09:33	SERVICE ROAD
2017-009812	11	321	2017/1/26 13:23:44	1702 NORTHEAST GLISAN STREET
2017-009813	1	511	2017/1/26 13:24:09	2401 SOUTHEAST VIEWMONT AVENUE
2017-009814	1	531	2017/1/26 13:24:39	6301 DEMERS AVENUE
2017-009815	1	735	2017/1/26 13:26:48	5901 WILDER AVENUE
2017-009816	1	324	2017/1/26 13:27:39	NORTHEAST MULTNOMAH STREET
2017-009817	10	311	2017/1/26 13:28:13	NASA PARKWAY EAST
2017-009818	1	622	2017/1/26 13:28:55	3301 SOUTHWEST TIMBER RIDGE DRIVE
2017-009819	11	321	2017/1/26 13:29:13	4201 18TH STREET
2017-009820	11	321	2017/1/26 13:29:49	3201 SOUTHEAST RAYMOND STREET
2017-009821	1	611	2017/1/26 13:31:36	1045 NORTHEAST 3RD STREET
2017-009822	1	600	2017/1/26 13:37:03	1703 NORTHEAST GLISAN STREET
2017-009823	1	324	2017/1/26 13:40:21	16TH STREET/DELLWOOD AVENUE
2017-009824	1	611	2017/1/26 13:44:39	14 NORTHEAST 10TH AVENUE
2017-009825	1	412	2017/1/26 13:50:26	5501 ALLANBY COURT
2017-009826	1	600	2017/1/26 13:51:57	4002 REEVES DRIVE
2017-009827	10	311	2017/1/26 13:52:13	801 SOUTHEAST 15TH AVENUE
2017-009828	10	311	2017/1/26 13:53:47	3401 EAST 20TH AVENUE
2017-009829	11	321	2017/1/26 13:54:11	751 NORTHEAST BLAKELY DRIVE
2017-009830	10	300	2017/1/26 14:22:49	2400 SOUTHEAST ANKENY STREET
2017-009831	1	324	2017/1/26 14:26:38	33RD STREET/COLORADO AVENUE
2017-009832	1	322	2017/1/26 14:26:46	KOHLER DRIVE
2017-009833	11	321	2017/1/26 14:30:15	4301 WAIOLA STREET
2017-009834	1	324	2017/1/26 14:41:38	MOTORWAY_LINK ROAD
2017-009835	1	733	2017/1/26 14:42:01	4012 SOUTHEAST 82ND AVENUE
2017-009836	11	321	2017/1/26 14:43:38	6301 YOUNG STREET
2017-009837	1	600	2017/1/26 14:46:06	2935 NORTHEAST BROADWAY
2017-009838	1	611	2017/1/26 14:47:03	9211 SOUTHEAST DIVISION STREET
2017-009839	10	300	2017/1/26 14:47:34	4000 SOUTHEAST 82ND AVENUE
2017-009840	1	611	2017/1/26 14:49:36	1045 NORTHEAST 3RD STREET
2017-009841	1	440	2017/1/26 14:58:32	UNKNOWN ADDRESS
2017-009842	11	321	2017/1/26 15:04:38	3501 EAST BURNSIDE STREET
2017-009843	1	324	2017/1/26 15:10:55	DREXEL STREET/EMERSON AVENUE
2017-009844	1	600	2017/1/26 15:11:46	INNERSTATE 90/SOUTHEAST 76TH AVENUE
2017-009845	1	324	2017/1/26 15:12:23	SERVICE ROAD
2017-009846	1	322	2017/1/26 15:17:42	3RD AVENUE NORTHEAST/10TH STREET NORTHEAST
2017-009847	11	321	2017/1/26 15:24:17	8701 SOUTHEAST POWELL BOULEVARD
2017-009848	10	311	2017/1/26 15:24:35	3401 SOUTHWEST HOLLYHOCK CIRCLE
2017-009849	1	511	2017/1/26 15:29:45	10001 EAST 18TH AVENUE
2017-009850	11	321	2017/1/26 15:31:13	5324 SOUTHEAST FOSTER ROAD
2017-009851	1	324	2017/1/26 15:35:58	LAUGEVOLDVEIEN
2017-009852	1000	733	2017/1/26 15:39:09	6801 SMUGGLER WAY
2017-009853	1	324	2017/1/26 15:42:39	RESIDENTIAL ROAD
2017-009854	1	324	2017/1/26 15:42:43	EAST BURNSIDE STREET
2017-009855	1	324	2017/1/26 15:42:48	NORTHEAST PENN AVENUE
2017-009856	10	311	2017/1/26 15:43:14	1703 SOUTHEAST 59TH AVENUE
2017-009857	1	744	2017/1/26 15:43:32	4700 TABLE MESA DRIVE
2017-009858	10	311	2017/1/26 15:50:51	8TH STREET SOUTHEAST/19TH AVENUE SOUTHEAST
2017-009859	1	600	2017/1/26 15:53:35	3301 CLEMSON STREET
2017-009860	11	321	2017/1/26 15:58:48	2307 NORTHEAST FLANDERS STREET
2017-009861	1	324	2017/1/26 16:00:51	SOUTHEAST 62ND AVENUE/SOUTHEAST FOSTER ROAD
2017-009862	10	311	2017/1/26 16:03:11	7601 SOUTHEAST ANKENY STREET
2017-009863	1	324	2017/1/26 16:05:30	SERVICE ROAD
2017-009864	11	321	2017/1/26 16:07:52	7601 FRONT STREET NORTH
2017-009865	11	321	2017/1/26 16:09:33	1045 NORTHEAST 3RD STREET
2017-009866	1	324	2017/1/26 16:11:54	RESIDENTIAL ROAD
2017-009867	1	324	2017/1/26 16:12:54	SOUTHEAST GRAND AVENUE/SOUTHEAST MCLOUGHLIN BOULEVARD
2017-009868	1	622	2017/1/26 16:21:38	7733 SOUTHEAST RAYMOND STREET
2017-009869	11	321	2017/1/26 16:22:21	4501 4TH AVENUE SOUTHEAST
2017-009870	1	324	2017/1/26 16:27:38	VANCOUVER DRIVE
2017-009871	1	324	2017/1/26 16:33:45	NORTHEAST C√©SAR E. CH√°VEZ BOULEVARD/EAST BURNSIDE STREET
2017-009872	1	324	2017/1/26 16:35:37	KALƒÅKAUA AVENUE/YOUNG STREET
2017-009873	11	321	2017/1/26 16:37:09	5601 PEARL STREET MALL
2017-009874	10	300	2017/1/26 16:39:08	545 SOUTHWEST POWERHOUSE DRIVE
2017-009875	1	746	2017/1/26 16:42:22	8401 SOUTHEAST MADISON STREET
2017-009876	1	322	2017/1/26 16:44:13	SOUTHEAST 67TH AVENUE
2017-009877	11	321	2017/1/26 16:47:32	ARAPAHOE AVENUE
2017-009878	11	321	2017/1/26 16:48:54	8401 SOUTHEAST ASH STREET
2017-009879	10	311	2017/1/26 16:51:49	1255 HILYARD
2017-009880	1	611	2017/1/26 16:54:52	3630 SOUTHEAST 82ND AVENUE
2017-009881	1	331	2017/1/26 16:54:57	1925 NORTHEAST 42ND AVENUE
2017-009882	1	324	2017/1/26 16:55:20	SHULL AVENUE/CARPENTER ROAD
2017-009883	11	321	2017/1/26 16:56:17	SOUTHEAST 13TH AVENUE
2017-009884	10	311	2017/1/26 16:58:35	1501 KINCAID STREET
2017-009885	10	311	2017/1/26 17:03:04	1620 SOUTHEAST HAWTHORNE BOULEVARD
2017-009886	11	321	2017/1/26 17:03:53	3801 MOUNT OLYMPUS DRIVE SOUTHWEST
2017-009887	1	611	2017/1/26 17:04:58	701 WEST COCOA BEACH CAUSEWAY
2017-009888	11	321	2017/1/26 17:06:13	4401 PALMS WEST
2017-009889	1	553	2017/1/26 17:06:29	SERVICE ROAD
2017-009890	10	311	2017/1/26 17:07:14	5902 BYGLAND ROAD SOUTHEAST
2017-009891	11	321	2017/1/26 17:10:17	5901 22ND STREET
2017-009892	1	130	2017/1/26 17:10:43	NORTHEAST 3RD STREET
2017-009893	1	500	2017/1/26 17:11:33	2125 NORTHEAST 19TH AVENUE
2017-009894	1	600	2017/1/26 17:12:30	13TH AVENUE SOUTHEAST/BYGLAND ROAD SOUTHEAST
2017-009895	11	321	2017/1/26 17:13:39	2239 SOUTHEAST HAWTHORNE BOULEVARD
2017-009896	11	321	2017/1/26 17:17:22	9403 SOUTHEAST ASH STREET
2017-009897	1	412	2017/1/26 17:20:26	2501 10TH STREET
2017-009898	11	321	2017/1/26 17:24:20	1801 NORTHWEST DESCHUTES PLACE
2017-009899	1	131	2017/1/26 17:24:35	EAST PARK LANE/OCEAN BEACH BOULEVARD
2017-009900	1	550	2017/1/26 17:26:45	7901 NORTHEAST SANDY BOULEVARD
2017-009901	11	321	2017/1/26 17:27:01	6201 FRANKLIN BOULEVARD
2017-009902	1	323	2017/1/26 17:27:49	SOUTHEAST 52ND AVENUE
2017-009903	11	321	2017/1/26 17:31:43	9402 SOUTHEAST 27TH AVENUE
2017-009904	1	700	2017/1/26 17:31:54	2302 NORTHEAST JONESMORE STREET
2017-009905	1	611	2017/1/26 17:33:32	2726 SOUTHEAST 25TH AVENUE
2017-009906	1	700	2017/1/26 17:33:45	3001 BEAR MOUNTAIN DRIVE
2017-009907	1010	321	2017/1/26 17:33:57	2712 EAST BURNSIDE STREET
2017-009908	11	321	2017/1/26 17:37:15	9102 COOKE STREET
2017-009909	11	321	2017/1/26 17:37:20	UNKNOWN ADDRESS
2017-009910	1	324	2017/1/26 17:41:48	SERVICE ROAD
2017-009911	1	412	2017/1/26 17:42:47	603 WALNUT STREET
2017-009912	1	324	2017/1/26 17:44:37	PLEASANT STREET/PLEASANT STREET COURT
2017-009913	1	324	2017/1/26 17:46:01	SOUTHEAST LONG STREET/SOUTHEAST 41ST AVENUE
2017-009914	11	321	2017/1/26 17:47:47	1901 WILLAMETTE STREET
2017-009915	1	154	2017/1/26 17:48:06	1314 PEARL STREET
2017-009916	11	321	2017/1/26 17:51:47	1039 SOUTH KING STREET
2017-009917	11	321	2017/1/26 17:53:08	3155 EAST BURNSIDE STREET
2017-009918	11	321	2017/1/26 17:59:36	SOUTHEAST 46TH AVENUE/SOUTHEAST BOISE STREET
2017-009919	11	321	2017/1/26 18:01:20	UNKNOWN ADDRESS
2017-009920	11	321	2017/1/26 18:02:38	SOUTHEAST DIVISION PLACE/SOUTHEAST GRAND AVENUE
2017-009921	1	611	2017/1/26 18:04:00	6501 SOUTHEAST 28TH AVENUE
2017-009922	10	300	2017/1/26 18:07:07	2400 KITTREDGE LOOP DRIVE
2017-009923	1	735	2017/1/26 18:11:46	801 SIOUX DRIVE
2017-009924	1	745	2017/1/26 18:11:59	1001 SUMMER HILL PLACE
2017-009925	1	600	2017/1/26 18:12:47	NASA PARKWAY EAST
2017-009926	1	611	2017/1/26 18:17:43	9501 GROOSEVEIEN
2017-009927	1	622	2017/1/26 18:21:25	9301 EAST MAIN STREET
2017-009928	1	324	2017/1/26 18:29:15	MOTORWAY_LINK ROAD
2017-009929	1	324	2017/1/26 18:30:03	NORTHEAST STUDIO ROAD/NORTHEAST BUTLER MARKET ROAD
2017-009930	1	600	2017/1/26 18:31:28	2701 EAST 5TH AVENUE
2017-009931	1	440	2017/1/26 18:33:23	6201 SOUTHWEST 49TH STREET
2017-009932	10	311	2017/1/26 18:36:15	7701 NORTHEAST EVERETT STREET
2017-009933	11	321	2017/1/26 18:36:29	C STREET
2017-009934	1	324	2017/1/26 18:37:09	PRIMARY ROAD
2017-009935	10	311	2017/1/26 18:38:59	3155 EAST BURNSIDE STREET
2017-009936	11	321	2017/1/26 18:40:30	3001 L√É¬∏KKESTREDET
2017-009937	11	321	2017/1/26 18:45:21	3801 ROCKY FORK DRIVE
2017-009938	11	321	2017/1/26 18:45:26	4140 SOUTHEAST 82ND AVENUE
2017-009939	1	324	2017/1/26 18:46:06	WALNUT WOODS COURT
2017-009940	1	734	2017/1/26 18:46:47	7701 SOUTHEAST GRANT STREET
2017-009941	10	300	2017/1/26 18:47:42	8801 UNIVERSITY AVENUE
2017-009942	10	311	2017/1/26 18:49:34	3501 LINDEN AVENUE
2017-009943	11	321	2017/1/26 18:54:24	4501 LELEIHOKU STREET
2017-009944	1	324	2017/1/26 18:57:24	RESIDENTIAL ROAD
2017-009945	1	500	2017/1/26 19:00:11	6TH STREET NORTHEAST
2017-009946	1	611	2017/1/26 19:01:54	1803 SOUTHEAST WASHINGTON STREET
2017-009947	11	321	2017/1/26 19:03:03	145 SOUTHEAST 82ND AVENUE
2017-009948	11	321	2017/1/26 19:04:51	1609 NORTHEAST 3RD STREET
2017-009949	1010	321	2017/1/26 19:06:28	9601 NORTHEAST 28TH AVENUE
2017-009950	10	311	2017/1/26 19:06:55	8801 NORTHEAST HALSEY STREET
2017-009951	11	321	2017/1/26 19:10:49	9202 SOUTHEAST HOLGATE BOULEVARD
2017-009952	10	311	2017/1/26 19:11:32	8302 SOUTHEAST TAGGART STREET
2017-009953	10	311	2017/1/26 19:14:00	1113 SOUTH KING STREET
2017-009954	1	611	2017/1/26 19:15:21	SOUTHEAST 62ND AVENUE/SOUTHEAST WINDSOR COURT
2017-009955	1	600	2017/1/26 19:19:39	5901 EAST 11TH AVENUE
2017-009956	1	611	2017/1/26 19:24:34	1016 NORTHWEST NEWPORT AVENUE
2017-009957	1	611	2017/1/26 19:31:16	1319 PUNAHOU STREET
2017-009958	11	321	2017/1/26 19:33:14	GATEWAY DRIVE NORTHWEST
2017-009959	10	311	2017/1/26 19:38:26	1338 SOUTH BERETANIA STREET
2017-009960	1	700	2017/1/26 19:43:13	2300 COLORADO AVENUE
2017-009961	11	321	2017/1/26 19:43:50	UNKNOWN ADDRESS
2017-009962	11	321	2017/1/26 19:46:04	2901 EAST BURNSIDE STREET
2017-009963	1010	321	2017/1/26 19:51:59	8101 18TH STREET
2017-009964	11	321	2017/1/26 19:58:49	2609 SOUTHEAST 6TH AVENUE
2017-009965	11	321	2017/1/26 19:59:11	8601 WAIOLA STREET
2017-009966	1	611	2017/1/26 20:00:12	6301 SOUTHEAST CLINTON STREET
2017-009967	11	321	2017/1/26 20:04:33	UNKNOWN ADDRESS
2017-009968	10	300	2017/1/26 20:05:48	6201 RUGBY LANE
2017-009969	1	151	2017/1/26 20:13:10	HOLLYBERRY LANE
2017-009970	11	321	2017/1/26 20:17:57	3601 LEWERS STREET
2017-009971	1	671	2017/1/26 20:20:56	6601 3RD STREET NORTHEAST
2017-009972	11	321	2017/1/26 20:21:36	1310 PUNAHOU STREET
2017-009973	10	300	2017/1/26 20:21:50	4111 NORTHEAST TILLAMOOK STREET
2017-009974	10	311	2017/1/26 20:22:56	2550 NORTHEAST 30TH AVENUE
2017-009975	11	321	2017/1/26 20:27:37	MOTORWAY ROAD
2017-009976	1	324	2017/1/26 20:29:02	SOUTHEAST GRAND AVENUE/SOUTHEAST STARK STREET
2017-009977	10	300	2017/1/26 20:39:41	202 WEST BROADWAY
2017-009978	10	300	2017/1/26 20:41:28	7801 HENRIK IBSENS GATE
2017-009979	10	311	2017/1/26 20:46:44	9701 NORTHEAST WEIDLER STREET
2017-009980	11	321	2017/1/26 20:48:50	1402 SOUTHEAST ALDER COURT
2017-009981	1	463	2017/1/26 20:49:23	2101 SOUTHWEST SIMPSON AVENUE
2017-009982	11	321	2017/1/26 20:50:11	4601 D STREET
2017-009983	1	251	2017/1/26 20:52:40	4600 SOUTHEAST WOODSTOCK BOULEVARD
2017-009984	10	300	2017/1/26 20:52:47	PRIMARY_LINK ROAD
2017-009985	11	321	2017/1/26 20:54:13	3325 28TH STREET
2017-009986	11	321	2017/1/26 20:54:23	2201 FOLSOM STREET
2017-009987	1	411	2017/1/26 20:55:30	NORTHEAST 43RD AVENUE
2017-009988	1	611	2017/1/26 20:55:49	900 NORTH ATLANTIC AVENUE
2017-009989	10	300	2017/1/26 21:01:23	1409 SOUTHEAST MALL STREET
2017-009990	10	311	2017/1/26 21:05:12	NORTHEAST 78TH AVENUE
2017-009991	1	611	2017/1/26 21:10:28	4701 WHITSON DRIVE
2017-009992	1	324	2017/1/26 21:16:44	NORTHEAST BRAZEE STREET/NORTHEAST 43RD AVENUE
2017-009993	11	321	2017/1/26 21:17:08	1750 SOUTHEAST 9TH AVENUE
2017-009994	1	741	2017/1/26 21:18:13	2201 NORTHEAST GLISAN STREET
2017-009995	11	321	2017/1/26 21:19:40	4800 BASELINE ROAD
2017-009996	11	321	2017/1/26 21:25:07	718 CENTRAL AVENUE
2017-009997	1	611	2017/1/26 21:27:07	TYLER AVENUE/ORANGE AVENUE
2017-009998	11	321	2017/1/26 21:28:25	7801 EAST BURNSIDE STREET
2017-009999	1010	321	2017/1/26 21:32:23	7201 SOUTHEAST WASHINGTON STREET
